question_text,option_a,option_b,option_c,option_d,,correct_answer,quiz_test_id,created_at
The Drugs and Cosmetics Act was passed in which year?,1940,1945,1950,1960,a,A,41,16-07-2025 14:32
The main objective of the Drugs and Cosmetics Act is to:,"Regulate the import, manufacture, distribution, and sale of drugs and cosmetics",Promote the sale of drugs,Encourage the use of cosmetics,Control drug prices,a,A,41,16-07-2025 14:32
The Pharmacy Act was enacted in which year?,1940,1948,1950,1960,b,B,41,16-07-2025 14:32
The primary purpose of the Pharmacy Act is to:,Regulate the practice of pharmacy,Control the manufacture of medicines,Promote drug research,Regulate drug advertising,a,A,41,16-07-2025 14:32
The term 'drug' as defined in the Drugs and Cosmetics Act includes:,"All substances intended for use in the diagnosis, treatment, mitigation, or prevention of disease in humans or animals",Only substances used for treatment,Only substances used for diagnosis,Only substances used for prevention,a,A,41,16-07-2025 14:32
The Drugs Technical Advisory Board (DTAB) is constituted to advise the Central Government on:,Financial matters related to drugs,Technical matters related to drugs and cosmetics,Marketing strategies for drugs,Import policies for drugs,b,B,41,16-07-2025 14:32
The Central Drugs Laboratory (CDL) is located at:,Mumbai,Kolkata,Chennai,Delhi,b,B,41,16-07-2025 14:32
The main function of the Central Drugs Laboratory (CDL) is to:,Manufacture drugs,Test and analyze samples of drugs and cosmetics,Distribute drugs,Sell drugs,b,B,41,16-07-2025 14:32
The Drugs Consultative Committee (DCC) is constituted to advise the Central Government and State Governments on:,Political matters related to drugs,Matters tending to secure uniformity throughout India in the administration of the Drugs and Cosmetics Act,Social matters related to drugs,Educational matters related to drugs,b,B,41,16-07-2025 14:32
A 'patent or proprietary medicine' is defined as a drug which is:,Not a homeopathic medicine,Not a unani medicine,Not an ayurvedic medicine,All of the above,d,D,41,16-07-2025 14:32
The minimum age for registration as a pharmacist under the Pharmacy Act is:,18 years,21 years,25 years,30 years,a,A,41,16-07-2025 14:32
The Pharmacy Council of India (PCI) is constituted to:,Regulate the education and practice of pharmacy in India,Control drug prices,Promote drug sales,Regulate cosmetic manufacturing,a,A,41,16-07-2025 14:32
The term 'misbranded drug' refers to a drug that:,Is not labeled in the prescribed manner,Is correctly labeled,Is of good quality,Is imported legally,a,A,41,16-07-2025 14:32
A 'spurious drug' is a drug that:,Is manufactured by a licensed manufacturer,Purports to be a product of a manufacturer of whom it is not truly a product,Is of standard quality,Is sold at a fair price,b,B,41,16-07-2025 14:32
The 'Schedule H' of the Drugs and Cosmetics Rules contains:,List of habit-forming drugs,List of prescription drugs,List of over-the-counter drugs,List of essential drugs,b,B,41,16-07-2025 14:32
The 'Schedule G' of the Drugs and Cosmetics Rules contains:,List of drugs that should be taken under medical supervision,List of drugs that can be sold without prescription,List of drugs for external use only,List of drugs for veterinary use,a,A,41,16-07-2025 14:32
The 'Schedule M' of the Drugs and Cosmetics Rules deals with:,Good Manufacturing Practices (GMP) for premises and materials,Labeling requirements for drugs,Packaging requirements for drugs,Storage requirements for drugs,a,A,41,16-07-2025 14:32
The 'Schedule N' of the Drugs and Cosmetics Rules deals with:,List of minimum equipment for efficient running of a pharmacy,List of narcotic drugs,List of poisonous substances,List of biological products,a,A,41,16-07-2025 14:32
The 'Schedule Y' of the Drugs and Cosmetics Rules deals with:,Requirements and guidelines for clinical trials,Requirements for import of drugs,Requirements for export of drugs,Requirements for sale of drugs,a,A,41,16-07-2025 14:32
The 'Narcotic Drugs and Psychotropic Substances Act' was enacted in which year?,1980,1985,1990,1995,b,B,41,16-07-2025 14:32
The main objective of the Narcotic Drugs and Psychotropic Substances Act is to:,"Regulate the manufacture, possession, sale, and transport of narcotic drugs and psychotropic substances",Promote the use of narcotic drugs,Encourage the sale of psychotropic substances,Control drug prices,a,A,41,16-07-2025 14:32
The 'Medical Termination of Pregnancy Act' was enacted in which year?,1971,1975,1980,1985,a,A,41,16-07-2025 14:32
The primary purpose of the Medical Termination of Pregnancy Act is to:,Promote abortion,Regulate the conditions under which pregnancies may be terminated,Prevent pregnancy,Encourage childbirth,b,B,41,16-07-2025 14:32
The 'Poisons Act' was enacted in which year?,1919,1925,1930,1935,a,A,41,16-07-2025 14:32
The main objective of the Poisons Act is to:,Promote the sale of poisons,Regulate the possession and sale of poisons,Encourage the use of poisons,Control poison prices,b,B,41,16-07-2025 14:32
The 'Drugs and Magic Remedies (Objectionable Advertisements) Act' was enacted in which year?,1950,1954,1960,1965,b,B,41,16-07-2025 14:32
The primary purpose of the Drugs and Magic Remedies (Objectionable Advertisements) Act is to:,Promote drug advertising,Prohibit the advertisement of certain drugs for the treatment of certain diseases and disorders,Encourage magic remedies,Control advertising prices,b,B,41,16-07-2025 14:32
The 'Prevention of Food Adulteration Act' was enacted in which year?,1950,1954,1960,1965,b,B,41,16-07-2025 14:32
The main objective of the Prevention of Food Adulteration Act is to:,Promote food adulteration,Prevent adulteration of food articles,Encourage food processing,Control food prices,b,B,41,16-07-2025 14:32
The 'Indian Medical Council Act' was enacted in which year?,1950,1956,1960,1965,b,B,41,16-07-2025 14:32
The primary purpose of the Indian Medical Council Act is to:,Regulate the practice of medicine in India,Control drug prices,Promote drug sales,Regulate cosmetic manufacturing,a,A,41,16-07-2025 14:32
The 'Pharmacy Education Regulations' are framed by the:,Central Government,State Government,Pharmacy Council of India,Medical Council of India,c,C,41,16-07-2025 14:32
The term 'pharmacopoeia' refers to:,A book containing a list of drugs,A book containing standards for drugs and pharmaceutical preparations,A book containing drug prices,A book containing drug advertisements,b,B,41,16-07-2025 14:32
The 'Indian Pharmacopoeia' is published by the:,Ministry of Health and Family Welfare,Indian Pharmacopoeia Commission,Pharmacy Council of India,Medical Council of India,b,B,41,16-07-2025 14:32
The 'Good Clinical Practice (GCP) Guidelines' are issued by the:,World Health Organization (WHO),Central Drugs Standard Control Organization (CDSCO),Indian Medical Association (IMA),Pharmacy Council of India (PCI),b,B,41,16-07-2025 14:32
The 'Bio-Medical Waste Management Rules' deal with:,Management of general waste,Management of hazardous waste,Management of bio-medical waste generated from healthcare facilities,Management of industrial waste,c,C,41,16-07-2025 14:32
The 'Right to Information Act' was enacted in which year?,2000,2005,2010,2015,b,B,41,16-07-2025 14:32
The primary purpose of the Right to Information Act is to:,Promote secrecy in government,Provide for setting out the practical regime of right to information for citizens,Restrict access to information,Control information flow,b,B,41,16-07-2025 14:32
The 'Consumer Protection Act' was enacted in which year?,1980,1986,1990,1995,b,B,41,16-07-2025 14:32
The main objective of the Consumer Protection Act is to:,Protect the interests of manufacturers,Protect the interests of consumers,Promote unfair trade practices,Control consumer prices,b,B,41,16-07-2025 14:32
The 'Intellectual Property Rights' related to pharmaceuticals include:,Patents,Trademarks,Copyrights,All of the above,d,D,41,16-07-2025 14:32
A 'patent' grants the inventor exclusive rights to:,Sell the invention,"Manufacture, use, and sell the invention for a limited period",Advertise the invention,Distribute the invention,b,B,41,16-07-2025 14:32
The 'Trademark Act' deals with:,Protection of inventions,Protection of brand names and logos,Protection of literary works,Protection of industrial designs,b,B,41,16-07-2025 14:32
The 'Copyright Act' deals with:,Protection of inventions,Protection of brand names and logos,"Protection of literary, dramatic, musical, and artistic works",Protection of industrial designs,c,C,41,16-07-2025 14:32
The 'Indian Patents Act' was enacted in which year?,1970,1975,1980,1985,a,A,41,16-07-2025 14:32
The 'National Pharmaceutical Pricing Authority (NPPA)' is responsible for:,Promoting drug sales,Controlling drug prices,Regulating drug advertising,Manufacturing drugs,b,B,41,16-07-2025 14:32
The 'Drug Price Control Order (DPCO)' is issued under the:,Drugs and Cosmetics Act,Essential Commodities Act,Pharmacy Act,Narcotic Drugs and Psychotropic Substances Act,b,B,41,16-07-2025 14:32
The 'Essential Commodities Act' was enacted in which year?,1950,1955,1960,1965,b,B,41,16-07-2025 14:32
The main objective of the Essential Commodities Act is to:,Promote hoarding of essential commodities,Ensure the availability of essential commodities at fair prices,Control the production of essential commodities,Encourage black marketing of essential commodities,b,B,41,16-07-2025 14:32
The 'Clinical Establishments (Registration and Regulation) Act' was enacted in which year?,2005,2010,2015,2020,b,B,41,16-07-2025 14:32
The primary purpose of the Clinical Establishments (Registration and Regulation) Act is to:,Promote unregulated clinical practices,Provide for the registration and regulation of all clinical establishments,Restrict access to healthcare,Control clinical research,b,B,42,16-07-2025 14:32
The 'Transplantation of Human Organs and Tissues Act' was enacted in which year?,1990,1994,2000,2005,b,B,42,16-07-2025 14:32
The main objective of the Transplantation of Human Organs and Tissues Act is to:,Promote illegal organ trade,"Regulate the removal, storage, and transplantation of human organs and tissues",Encourage organ trafficking,Control organ prices,b,B,42,16-07-2025 14:32
The 'Pre-Conception and Pre-Natal Diagnostic Techniques (PCPNDT) Act' was enacted in which year?,1990,1994,2000,2005,b,B,42,16-07-2025 14:32
The primary purpose of the Pre-Conception and Pre-Natal Diagnostic Techniques (PCPNDT) Act is to:,Promote sex selection,Prohibit sex selection and regulate pre-natal diagnostic techniques,Encourage gender discrimination,Control diagnostic prices,b,B,42,16-07-2025 14:32
The 'Mental Healthcare Act' was enacted in which year?,2010,2017,2020,2022,b,B,42,16-07-2025 14:32
The main objective of the Mental Healthcare Act is to:,Promote discrimination against mentally ill persons,Provide for mental healthcare and services for persons with mental illness,Restrict access to mental healthcare,Control mental health professionals,b,B,42,16-07-2025 14:32
The 'HIV and AIDS (Prevention and Control) Act' was enacted in which year?,2010,2017,2020,2022,b,B,42,16-07-2025 14:32
The primary purpose of the HIV and AIDS (Prevention and Control) Act is to:,Promote discrimination against HIV positive persons,Prevent and control the spread of HIV and AIDS and protect the rights of affected persons,Restrict access to HIV treatment,Control HIV testing,b,B,42,16-07-2025 14:32
The 'Clinical Trials Registry - India (CTRI)' is maintained by the:,Ministry of Health and Family Welfare,Indian Council of Medical Research (ICMR),Central Drugs Standard Control Organization (CDSCO),Pharmacy Council of India (PCI),b,B,42,16-07-2025 14:32
The 'Good Distribution Practices (GDP)' are guidelines for:,Manufacturing of drugs,Storage and distribution of pharmaceutical products,Clinical trials,Advertising of drugs,b,B,42,16-07-2025 14:32
The 'Good Laboratory Practices (GLP)' are guidelines for:,Manufacturing of drugs,Non-clinical laboratory studies,Clinical trials,Advertising of drugs,b,B,42,16-07-2025 14:32
The 'Good Storage Practices (GSP)' are guidelines for:,Manufacturing of drugs,Storage of pharmaceutical products,Clinical trials,Advertising of drugs,b,B,42,16-07-2025 14:32
The 'Good Dispensing Practices (GDispP)' are guidelines for:,Manufacturing of drugs,Dispensing of pharmaceutical products,Clinical trials,Advertising of drugs,b,B,42,16-07-2025 14:32
The 'Code of Pharmaceutical Ethics' is issued by the:,Central Government,State Government,Pharmacy Council of India,Medical Council of India,c,C,42,16-07-2025 14:32
The 'Indian Medical Devices Rules' were notified in which year?,2010,2017,2020,2022,b,B,42,16-07-2025 14:32
The main objective of the Indian Medical Devices Rules is to:,Promote unregulated medical devices,"Regulate the import, manufacture, sale, and distribution of medical devices",Restrict access to medical devices,Control medical device prices,b,B,42,16-07-2025 14:32
The 'National Health Policy' aims to:,Promote private healthcare,Achieve universal access to good quality healthcare services,Restrict public healthcare,Control healthcare expenditure,b,B,42,16-07-2025 14:32
The 'Consumer Protection (E-commerce) Rules' deal with:,Offline sales,Online sales and services,Direct selling,Telemarketing,b,B,42,16-07-2025 14:32
The 'Information Technology Act' was enacted in which year?,1995,2000,2005,2010,b,B,42,16-07-2025 14:32
The main objective of the Information Technology Act is to:,Promote cybercrime,Provide legal recognition for transactions carried out by means of electronic data interchange,Restrict internet access,Control online content,b,B,42,16-07-2025 14:32
The 'Legal Metrology Act' deals with:,Legal procedures,Weights and measures,Property disputes,Criminal law,b,B,42,16-07-2025 14:32
The 'Legal Metrology (Packaged Commodities) Rules' deal with:,Loose commodities,Packaged commodities,Bulk commodities,Unpackaged commodities,b,B,42,16-07-2025 14:32
The 'Food Safety and Standards Act' was enacted in which year?,2000,2006,2010,2015,b,B,42,16-07-2025 14:32
The main objective of the Food Safety and Standards Act is to:,Promote unsafe food practices,Consolidate the laws relating to food and to establish the Food Safety and Standards Authority of India,Restrict food production,Control food prices,b,B,42,16-07-2025 14:32
The 'Food Safety and Standards Authority of India (FSSAI)' is responsible for:,Promoting unsafe food,"Laying down science-based standards for articles of food and to regulate their manufacture, storage, distribution, sale, and import",Restricting food availability,Controlling food advertising,b,B,42,16-07-2025 14:32
The 'Clinical Trials Rules' were notified in which year?,2010,2019,2020,2022,b,B,42,16-07-2025 14:32
The main objective of the Clinical Trials Rules is to:,Promote unregulated clinical trials,Regulate the conduct of clinical trials of new drugs and investigational new drugs,Restrict clinical research,Control clinical trial prices,b,B,42,16-07-2025 14:32
The 'New Drugs and Clinical Trials Rules' replaced the:,Drugs and Cosmetics Act,Schedule Y of the Drugs and Cosmetics Rules,Pharmacy Act,Narcotic Drugs and Psychotropic Substances Act,b,B,42,16-07-2025 14:32
The 'Medical Devices Rules' were notified in which year?,2010,2017,2020,2022,b,B,42,16-07-2025 14:32
The main objective of the Medical Devices Rules is to:,Promote unregulated medical devices,"Regulate the import, manufacture, sale, and distribution of medical devices",Restrict access to medical devices,Control medical device prices,b,B,42,16-07-2025 14:32
The 'Bioethics Guidelines' are issued by the:,World Health Organization (WHO),Indian Council of Medical Research (ICMR),Central Drugs Standard Control Organization (CDSCO),Pharmacy Council of India (PCI),b,B,42,16-07-2025 14:32
The 'National Medical Commission Act' was enacted in which year?,2010,2019,2020,2022,b,B,42,16-07-2025 14:32
The primary purpose of the National Medical Commission Act is to:,Promote unregulated medical education,Provide for a medical education system that improves access to quality and affordable medical education,Restrict medical education,Control medical colleges,b,B,42,16-07-2025 14:32
The 'National Pharmacy Commission Bill' aims to:,Promote unregulated pharmacy education,Replace the Pharmacy Council of India,Restrict pharmacy education,Control pharmacy colleges,b,B,42,16-07-2025 14:32
The 'Good Pharmacovigilance Practices (GPvP)' are guidelines for:,Manufacturing of drugs,Monitoring the safety of medicines,Clinical trials,Advertising of drugs,b,B,42,16-07-2025 14:32
The 'Good Manufacturing Practices (GMP)' are guidelines for:,Storage of drugs,Manufacturing of drugs to ensure quality and safety,Dispensing of drugs,Distribution of drugs,b,B,42,16-07-2025 14:32
The 'Good Clinical Laboratory Practices (GCLP)' are guidelines for:,Clinical trials,Laboratory testing in clinical research,Manufacturing of drugs,Storage of drugs,b,B,42,16-07-2025 14:32
The 'Good Documentation Practices (GDP)' are guidelines for:,Manufacturing of drugs,Maintaining accurate and complete records in pharmaceutical operations,Clinical trials,Advertising of drugs,b,B,42,16-07-2025 14:32
The 'Good Regulatory Practices (GRP)' are guidelines for:,Manufacturing of drugs,Regulatory submissions and compliance,Clinical trials,Advertising of drugs,b,B,42,16-07-2025 14:32
The 'Indian Nursing Council Act' was enacted in which year?,1947,1948,1950,1952,b,B,42,16-07-2025 14:32
The primary purpose of the Indian Nursing Council Act is to:,Regulate the practice of medicine,Regulate nursing education and practice in India,Promote nursing research,Control nursing salaries,b,B,42,16-07-2025 14:32
The 'Code of Ethics for Nurses in India' is issued by the:,Central Government,State Government,Indian Nursing Council,Medical Council of India,c,C,42,16-07-2025 14:32
The 'Patient's Rights Charter' aims to:,Restrict patient rights,Outline the rights of patients in healthcare settings,Promote discrimination against patients,Control patient access to healthcare,b,B,42,16-07-2025 14:32
The 'National Pharmaceutical Policy' aims to:,Promote unregulated drug prices,Ensure availability of quality medicines at affordable prices,Restrict drug production,Control drug advertising,b,B,42,16-07-2025 14:32
The 'Uniform Code for Pharmaceutical Marketing Practices (UCPMP)' deals with:,Manufacturing of drugs,Ethical marketing practices for pharmaceutical companies,Clinical trials,Drug distribution,b,B,42,16-07-2025 14:32
The 'National Blood Policy' aims to:,Promote unsafe blood transfusions,Ensure safe and adequate supply of blood and blood components,Restrict blood donation,Control blood prices,b,B,42,16-07-2025 14:32
The 'National Organ Transplant Programme (NOTP)' aims to:,Promote illegal organ trade,Promote organ donation and transplantation activities,Restrict organ donation,Control organ prices,b,B,42,16-07-2025 14:32
The 'Assisted Reproductive Technology (Regulation) Act' was enacted in which year?,2010,2021,2022,2023,b,B,42,16-07-2025 14:32
The primary purpose of the Assisted Reproductive Technology (Regulation) Act is to:,Promote unregulated ART clinics,Regulate and supervise assisted reproductive technology clinics and banks,Restrict access to ART,Control ART prices,b,B,42,16-07-2025 14:32
The 'Surrogacy (Regulation) Act' was enacted in which year?,2010,2021,2022,2023,b,B,43,16-07-2025 14:32
The primary purpose of the Surrogacy (Regulation) Act is to:,Promote commercial surrogacy,Regulate surrogacy and prohibit commercial surrogacy,Restrict access to surrogacy,Control surrogacy prices,b,B,43,16-07-2025 14:32
The 'National Commission for Homoeopathy Act' was enacted in which year?,2010,2020,2021,2022,b,B,43,16-07-2025 14:32
The primary purpose of the National Commission for Homoeopathy Act is to:,Promote unregulated homoeopathy education,Provide for a medical education system that improves access to quality and affordable homoeopathy education,Restrict homoeopathy education,Control homoeopathy colleges,b,B,43,16-07-2025 14:32
The 'National Commission for Indian System of Medicine Act' was enacted in which year?,2010,2020,2021,2022,b,B,43,16-07-2025 14:32
The primary purpose of the National Commission for Indian System of Medicine Act is to:,Promote unregulated Indian System of Medicine education,Provide for a medical education system that improves access to quality and affordable Indian System of Medicine education,Restrict Indian System of Medicine education,Control Indian System of Medicine colleges,b,B,43,16-07-2025 14:32
The 'Prevention of Cruelty to Animals Act' was enacted in which year?,1950,1960,1970,1980,b,B,43,16-07-2025 14:32
The main objective of the Prevention of Cruelty to Animals Act is to:,Promote cruelty to animals,Prevent the infliction of unnecessary pain or suffering on animals,Encourage animal testing,Control animal prices,b,B,43,16-07-2025 14:32
The 'Environment (Protection) Act' was enacted in which year?,1980,1986,1990,1995,b,B,43,16-07-2025 14:32
The main objective of the Environment (Protection) Act is to:,Promote environmental pollution,Provide for the protection and improvement of environment and for matters connected therewith,Restrict environmental protection,Control environmental prices,b,B,43,16-07-2025 14:32
The 'Hazardous Wastes (Management and Transboundary Movement) Rules' deal with:,Non-hazardous waste,Hazardous waste,Solid waste,Liquid waste,b,B,43,16-07-2025 14:32
The 'Plastic Waste Management Rules' deal with:,Metal waste,Plastic waste,Glass waste,Paper waste,b,B,43,16-07-2025 14:32
The 'E-Waste (Management) Rules' deal with:,Paper waste,Electronic waste,Food waste,Textile waste,b,B,43,16-07-2025 14:32
The 'Water (Prevention and Control of Pollution) Act' was enacted in which year?,1970,1974,1980,1985,b,B,43,16-07-2025 14:32
The main objective of the Water (Prevention and Control of Pollution) Act is to:,Promote water pollution,Provide for the prevention and control of water pollution,Restrict water usage,Control water prices,b,B,43,16-07-2025 14:32
The 'Air (Prevention and Control of Pollution) Act' was enacted in which year?,1980,1981,1985,1990,b,B,43,16-07-2025 14:32
The main objective of the Air (Prevention and Control of Pollution) Act is to:,Promote air pollution,"Provide for the prevention, control, and abatement of air pollution",Restrict air usage,Control air prices,b,B,43,16-07-2025 14:32
The 'Public Liability Insurance Act' was enacted in which year?,1990,1991,1995,2000,b,B,43,16-07-2025 14:32
The main objective of the Public Liability Insurance Act is to:,Promote public liability,Provide for public liability insurance for the purpose of providing immediate relief to persons affected by accidents occurring while handling hazardous substances,Restrict public insurance,Control public insurance prices,b,B,43,16-07-2025 14:32
The 'National Green Tribunal Act' was enacted in which year?,2005,2010,2015,2020,b,B,43,16-07-2025 14:32
The main objective of the National Green Tribunal Act is to:,Promote environmental degradation,Provide for the establishment of a National Green Tribunal for the effective and expeditious disposal of cases relating to environmental protection,Restrict environmental protection,Control environmental prices,b,B,43,16-07-2025 14:32
The 'Biological Diversity Act' was enacted in which year?,2000,2002,2005,2010,b,B,43,16-07-2025 14:32
The main objective of the Biological Diversity Act is to:,Promote biodiversity loss,"Provide for the conservation of biological diversity, sustainable use of its components, and fair and equitable sharing of the benefits arising out of the use of biological resources",Restrict biodiversity,Control biodiversity prices,b,B,43,16-07-2025 14:32
The 'Wild Life (Protection) Act' was enacted in which year?,1970,1972,1975,1980,b,B,43,16-07-2025 14:32
The main objective of the Wild Life (Protection) Act is to:,Promote wildlife hunting,"Provide for the protection of wild animals, birds, and plants",Restrict wildlife protection,Control wildlife prices,b,B,43,16-07-2025 14:32
The 'Forest (Conservation) Act' was enacted in which year?,1975,1980,1985,1990,b,B,43,16-07-2025 14:32
The main objective of the Forest (Conservation) Act is to:,Promote deforestation,Provide for the conservation of forests and for matters connected therewith,Restrict forest protection,Control forest prices,b,B,43,16-07-2025 14:32
The 'Scheduled Castes and the Scheduled Tribes (Prevention of Atrocities) Act' was enacted in which year?,1985,1989,1990,1995,b,B,43,16-07-2025 14:32
The main objective of the Scheduled Castes and the Scheduled Tribes (Prevention of Atrocities) Act is to:,Promote atrocities against SC/ST,Prevent the commission of offences of atrocities against the members of the Scheduled Castes and the Scheduled Tribes,Restrict protection for SC/ST,Control SC/ST population,b,B,43,16-07-2025 14:32
The 'Protection of Human Rights Act' was enacted in which year?,1990,1993,1995,2000,b,B,43,16-07-2025 14:32
The main objective of the Protection of Human Rights Act is to:,Promote human rights violations,Provide for the constitution of a National Human Rights Commission and State Human Rights Commissions for better protection of human rights,Restrict human rights,Control human rights organizations,b,B,43,16-07-2025 14:32
The 'Juvenile Justice (Care and Protection of Children) Act' was enacted in which year?,2000,2015,2016,2017,b,B,43,16-07-2025 14:32
The main objective of the Juvenile Justice (Care and Protection of Children) Act is to:,Promote child labor,"Provide for the care, protection, treatment, development, and rehabilitation of children in conflict with law and children in need of care and protection",Restrict child rights,Control child population,b,B,43,16-07-2025 14:32
The 'Protection of Children from Sexual Offences (POCSO) Act' was enacted in which year?,2010,2012,2015,2017,b,B,43,16-07-2025 14:32
The main objective of the Protection of Children from Sexual Offences (POCSO) Act is to:,Promote child sexual abuse,"Provide for the protection of children from offences of sexual assault, sexual harassment, and pornography",Restrict child protection,Control child population,b,B,43,16-07-2025 14:32
The 'Right of Children to Free and Compulsory Education Act' was enacted in which year?,2005,2009,2010,2012,b,B,43,16-07-2025 14:32
The main objective of the Right of Children to Free and Compulsory Education Act is to:,Promote illiteracy,Provide for free and compulsory education to all children of the age of six to fourteen years,Restrict education,Control education prices,b,B,43,16-07-2025 14:32
The 'National Food Security Act' was enacted in which year?,2010,2013,2015,2017,b,B,43,16-07-2025 14:32
The main objective of the National Food Security Act is to:,Promote food insecurity,"Provide for food and nutritional security in human life cycle approach, by ensuring access to adequate quantity of quality food at affordable prices",Restrict food access,Control food prices,b,B,43,16-07-2025 14:32
"The 'Aadhaar (Targeted Delivery of Financial and Other Subsidies, Benefits and Services) Act' was enacted in which year?",2010,2016,2017,2018,b,B,43,16-07-2025 14:32
"The main objective of the Aadhaar (Targeted Delivery of Financial and Other Subsidies, Benefits and Services) Act is to:",Promote identity theft,"Provide for targeted delivery of financial and other subsidies, benefits, and services by assigning unique identity numbers",Restrict access to benefits,Control identity prices,b,B,43,16-07-2025 14:32
The 'Benami Transactions (Prohibition) Act' was enacted in which year?,1988,2016,2017,2018,b,B,43,16-07-2025 14:32
The main objective of the Benami Transactions (Prohibition) Act is to:,Promote benami transactions,Prohibit benami transactions and to recover property held benami,Restrict property ownership,Control property prices,b,B,43,16-07-2025 14:32
The 'Prevention of Money-Laundering Act' was enacted in which year?,2000,2002,2005,2010,b,B,43,16-07-2025 14:32
The main objective of the Prevention of Money-Laundering Act is to:,Promote money laundering,"Prevent money laundering and to provide for confiscation of property derived from, or involved in, money laundering",Restrict financial transactions,Control financial institutions,b,B,43,16-07-2025 14:32
The 'Foreign Exchange Management Act (FEMA)' was enacted in which year?,1990,1999,2000,2005,b,B,43,16-07-2025 14:32
The main objective of the Foreign Exchange Management Act (FEMA) is to:,Promote foreign exchange violations,Facilitate external trade and payments and for promoting the orderly development and maintenance of foreign exchange market in India,Restrict foreign exchange,Control foreign exchange prices,b,B,43,16-07-2025 14:32
The 'Competition Act' was enacted in which year?,2000,2002,2005,2010,b,B,43,16-07-2025 14:32
The main objective of the Competition Act is to:,Promote anti-competitive practices,"Prevent practices having adverse effect on competition, to promote and sustain competition in markets",Restrict competition,Control market prices,b,B,43,16-07-2025 14:32
"The 'Micro, Small and Medium Enterprises Development (MSMED) Act' was enacted in which year?",2000,2006,2010,2015,b,B,43,16-07-2025 14:32
"The main objective of the Micro, Small and Medium Enterprises Development (MSMED) Act is to:",Promote large enterprises,"Facilitate the promotion, development, and enhancing the competitiveness of micro, small, and medium enterprises",Restrict small businesses,Control enterprise prices,b,B,44,16-07-2025 14:32
The 'Limited Liability Partnership Act' was enacted in which year?,2000,2008,2010,2015,b,B,44,16-07-2025 14:32
The main objective of the Limited Liability Partnership Act is to:,Promote unlimited liability,Provide for the formation and regulation of limited liability partnerships,Restrict partnerships,Control partnership prices,b,B,44,16-07-2025 14:32
The 'Companies Act' was enacted in which year?,2000,2013,2015,2017,b,B,44,16-07-2025 14:32
The main objective of the Companies Act is to:,Promote unregulated companies,Consolidate and amend the law relating to companies,Restrict company formation,Control company prices,b,B,44,16-07-2025 14:32
The 'Insolvency and Bankruptcy Code' was enacted in which year?,2010,2016,2017,2018,b,B,44,16-07-2025 14:32
The main objective of the Insolvency and Bankruptcy Code is to:,Promote insolvency,"Consolidate and amend the laws relating to reorganization and insolvency resolution of corporate persons, partnership firms, and individuals",Restrict bankruptcy,Control bankruptcy prices,b,B,44,16-07-2025 14:32
The 'Arbitration and Conciliation Act' was enacted in which year?,1990,1996,2000,2005,b,B,44,16-07-2025 14:32
The main objective of the Arbitration and Conciliation Act is to:,Promote litigation,"Consolidate and amend the law relating to domestic arbitration, international commercial arbitration, and enforcement of foreign arbitral awards",Restrict arbitration,Control arbitration prices,b,B,44,16-07-2025 14:32
The 'Negotiable Instruments Act' was enacted in which year?,1880,1881,1885,1890,b,B,44,16-07-2025 14:32
The main objective of the Negotiable Instruments Act is to:,Promote non-negotiable instruments,"Define and amend the law relating to promissory notes, bills of exchange, and cheques",Restrict negotiable instruments,Control instrument prices,b,B,44,16-07-2025 14:32
The 'Indian Contract Act' was enacted in which year?,1870,1872,1875,1880,b,B,44,16-07-2025 14:32
The main objective of the Indian Contract Act is to:,Promote illegal contracts,Define and amend certain parts of the law relating to contracts,Restrict contracts,Control contract prices,b,B,44,16-07-2025 14:32
The 'Specific Relief Act' was enacted in which year?,1960,1963,1965,1970,b,B,44,16-07-2025 14:32
The main objective of the Specific Relief Act is to:,Promote general relief,Define and amend the law relating to certain kinds of specific relief,Restrict specific relief,Control relief prices,b,B,44,16-07-2025 14:32
The 'Transfer of Property Act' was enacted in which year?,1880,1882,1885,1890,b,B,44,16-07-2025 14:32
The main objective of the Transfer of Property Act is to:,Promote illegal property transfers,Define and amend the law relating to the transfer of property by act of parties,Restrict property transfers,Control property prices,b,B,44,16-07-2025 14:32
The 'Indian Evidence Act' was enacted in which year?,1870,1872,1875,1880,b,B,44,16-07-2025 14:32
The main objective of the Indian Evidence Act is to:,Promote false evidence,"Consolidate, define, and amend the law of evidence",Restrict evidence,Control evidence prices,b,B,44,16-07-2025 14:32
The 'Code of Civil Procedure' was enacted in which year?,1900,1908,1910,1915,b,B,44,16-07-2025 14:32
The main objective of the Code of Civil Procedure is to:,Promote civil disputes,Consolidate and amend the laws relating to the procedure of the Courts of Civil Judicature,Restrict civil procedures,Control civil procedure prices,b,B,44,16-07-2025 14:32
The 'Code of Criminal Procedure' was enacted in which year?,1970,1973,1975,1980,b,B,44,16-07-2025 14:32
The main objective of the Code of Criminal Procedure is to:,Promote criminal activities,Consolidate and amend the law relating to criminal procedure,Restrict criminal procedures,Control criminal procedure prices,b,B,44,16-07-2025 14:32
The 'Indian Penal Code' was enacted in which year?,1850,1860,1865,1870,b,B,44,16-07-2025 14:32
The main objective of the Indian Penal Code is to:,Promote criminal activities,Provide a general penal code for India,Restrict criminal activities,Control criminal prices,b,B,44,16-07-2025 14:32
The 'Constitution of India' was adopted in which year?,1947,1949,1950,1952,b,B,44,16-07-2025 14:32
The main objective of the Constitution of India is to:,Promote inequality,"Establish a sovereign, socialist, secular, democratic republic and to secure to all its citizens justice, liberty, equality, and fraternity",Restrict fundamental rights,Control citizen's lives,b,B,44,16-07-2025 14:32
The 'Right to Education Act' is also known as:,RTE Act,RTI Act,POCSO Act,JJ Act,a,A,44,16-07-2025 14:32
The 'Food Safety and Standards Authority of India (FSSAI)' is a:,Government department,Statutory body,Private organization,Non-governmental organization,b,B,44,16-07-2025 14:32
The 'National Medical Commission (NMC)' replaced the:,Indian Nursing Council,Medical Council of India,Pharmacy Council of India,Dental Council of India,b,B,44,16-07-2025 14:32
The 'National Pharmacy Commission Bill' aims to replace the:,Indian Nursing Council,Medical Council of India,Pharmacy Council of India,Dental Council of India,c,C,44,16-07-2025 14:32
The 'Clinical Trials Registry - India (CTRI)' is a:,Regulatory body,Database,Research institute,Funding agency,b,B,44,16-07-2025 14:32
The 'Good Distribution Practices (GDP)' are applicable to:,Manufacturers,Distributors,Retailers,All of the above,d,D,44,16-07-2025 14:32
The 'Good Laboratory Practices (GLP)' are applicable to:,Clinical trials,Non-clinical laboratory studies,Manufacturing,Distribution,b,B,44,16-07-2025 14:32
The 'Good Storage Practices (GSP)' are applicable to:,Manufacturers,Distributors,Retailers,All of the above,d,D,44,16-07-2025 14:32
The 'Good Dispensing Practices (GDispP)' are applicable to:,Manufacturers,Distributors,Pharmacists,Doctors,c,C,44,16-07-2025 14:32
The 'Code of Pharmaceutical Ethics' is binding on:,Manufacturers,Pharmacists,Doctors,Patients,b,B,44,16-07-2025 14:32
The 'Indian Medical Devices Rules' regulate:,Drugs,Cosmetics,Medical devices,Food products,c,C,44,16-07-2025 14:32
The 'National Health Policy' is formulated by the:,State Government,Central Government,Local Government,Private sector,b,B,44,16-07-2025 14:32
The 'Consumer Protection (E-commerce) Rules' apply to:,Offline transactions,Online transactions,Both offline and online transactions,Neither offline nor online transactions,b,B,44,16-07-2025 14:32
The 'Information Technology Act' deals with:,Physical documents,Electronic documents,Both physical and electronic documents,Neither physical nor electronic documents,b,B,44,16-07-2025 14:32
The 'Legal Metrology Act' ensures:,Fair trade practices,Accurate weights and measures,Consumer protection,Environmental protection,b,B,44,16-07-2025 14:32
The 'Legal Metrology (Packaged Commodities) Rules' ensure:,Accurate labeling of packaged goods,Fair pricing of packaged goods,Quality of packaged goods,Safety of packaged goods,a,A,44,16-07-2025 14:32
The 'Food Safety and Standards Act' aims to:,Promote food adulteration,Ensure safe and wholesome food for human consumption,Restrict food production,Control food prices,b,B,44,16-07-2025 14:32
The 'Clinical Trials Rules' regulate:,Pre-clinical studies,Clinical trials,Post-marketing surveillance,All of the above,b,B,44,16-07-2025 14:32
The 'New Drugs and Clinical Trials Rules' were introduced to:,Simplify drug approval process,Strengthen drug regulation,Reduce drug prices,Promote drug exports,b,B,44,16-07-2025 14:32
The 'Medical Devices Rules' classify medical devices based on:,Size,Risk,Color,Shape,b,B,44,16-07-2025 14:32
The 'Bioethics Guidelines' provide ethical principles for:,Business practices,Medical research and healthcare,Environmental protection,Animal welfare,b,B,44,16-07-2025 14:32
The 'National Medical Commission Act' aims to improve:,Medical research,Medical education and practice,Medical device manufacturing,Medical tourism,b,B,44,16-07-2025 14:32
The 'National Pharmacy Commission Bill' aims to improve:,Pharmacy research,Pharmacy education and practice,Pharmaceutical manufacturing,Pharmaceutical exports,b,B,44,16-07-2025 14:32
The 'Good Pharmacovigilance Practices (GPvP)' ensure:,Drug efficacy,Drug safety,Drug quality,Drug affordability,b,B,45,16-07-2025 14:32
The 'Good Manufacturing Practices (GMP)' ensure:,Drug distribution,Drug quality and safety during manufacturing,Drug advertising,Drug pricing,b,B,45,16-07-2025 14:32
The 'Good Clinical Laboratory Practices (GCLP)' ensure:,Accuracy and reliability of laboratory data in clinical research,Ethical conduct of clinical trials,Proper storage of drugs,Efficient drug dispensing,a,A,45,16-07-2025 14:32
The 'Good Documentation Practices (GDP)' ensure:,Proper marketing of drugs,Accurate and complete record-keeping,Safe drug disposal,Efficient drug delivery,b,B,45,16-07-2025 14:32
The 'Good Regulatory Practices (GRP)' aim to:,Complicate regulatory processes,Streamline and improve regulatory processes,Increase regulatory burden,Reduce regulatory oversight,b,B,45,16-07-2025 14:32
The 'Indian Nursing Council Act' regulates:,Medical education,Nursing education and practice,Pharmacy education,Dental education,b,B,45,16-07-2025 14:32
The 'Code of Ethics for Nurses in India' provides guidelines for:,Medical ethics,Nursing ethics,Pharmacy ethics,Dental ethics,b,B,45,16-07-2025 14:32
The 'Patient's Rights Charter' ensures:,Limited patient access to healthcare,Comprehensive rights for patients in healthcare settings,Increased healthcare costs,Reduced patient autonomy,b,B,45,16-07-2025 14:32
The 'National Pharmaceutical Policy' aims to ensure:,High drug prices,Availability of quality medicines at affordable prices,Limited drug access,Unregulated drug market,b,B,45,16-07-2025 14:32
The 'Uniform Code for Pharmaceutical Marketing Practices (UCPMP)' promotes:,Unethical marketing,Ethical marketing practices for pharmaceutical companies,Aggressive marketing,Misleading advertising,b,B,45,16-07-2025 14:32
The 'National Blood Policy' aims to ensure:,Unsafe blood supply,Safe and adequate supply of blood and blood components,Limited blood donation,Commercialization of blood,b,B,45,16-07-2025 14:32
The 'National Organ Transplant Programme (NOTP)' promotes:,Illegal organ trade,Organ donation and transplantation activities,Restricted organ donation,Commercial organ transplantation,b,B,45,16-07-2025 14:32
The 'Assisted Reproductive Technology (Regulation) Act' regulates:,Natural conception,ART clinics and banks,Adoption agencies,Surrogacy,b,B,45,16-07-2025 14:32
The 'Surrogacy (Regulation) Act' prohibits:,Altruistic surrogacy,Commercial surrogacy,Related surrogacy,Unrelated surrogacy,b,B,45,16-07-2025 14:32
The 'National Commission for Homoeopathy Act' aims to improve:,Allopathic education,Homoeopathy education and practice,Ayurvedic education,Unani education,b,B,45,16-07-2025 14:32
The 'National Commission for Indian System of Medicine Act' aims to improve:,Allopathic education,Indian System of Medicine education and practice,Homoeopathy education,Dental education,b,B,45,16-07-2025 14:32
The 'Prevention of Cruelty to Animals Act' aims to prevent:,Animal welfare,Unnecessary pain or suffering on animals,Animal research,Animal husbandry,b,B,45,16-07-2025 14:32
The 'Environment (Protection) Act' aims to protect:,Economic growth,The environment,Industrial development,Urbanization,b,B,45,16-07-2025 14:32
The 'Hazardous Wastes (Management and Transboundary Movement) Rules' regulate:,Domestic waste,Hazardous waste,Agricultural waste,Construction waste,b,B,45,16-07-2025 14:32
The 'Plastic Waste Management Rules' aim to manage:,Metal waste,Plastic waste,Glass waste,Paper waste,b,B,45,16-07-2025 14:32
The 'E-Waste (Management) Rules' aim to manage:,Food waste,Electronic waste,Textile waste,Organic waste,b,B,45,16-07-2025 14:32
The 'Water (Prevention and Control of Pollution) Act' aims to prevent:,Air pollution,Water pollution,Soil pollution,Noise pollution,b,B,45,16-07-2025 14:32
The 'Air (Prevention and Control of Pollution) Act' aims to prevent:,Water pollution,Air pollution,Soil pollution,Noise pollution,b,B,45,16-07-2025 14:32
The 'Public Liability Insurance Act' provides for:,Private insurance,Public liability insurance for hazardous substances,Health insurance,Life insurance,b,B,45,16-07-2025 14:32
The 'National Green Tribunal Act' provides for:,Civil courts,A National Green Tribunal for environmental cases,Criminal courts,Family courts,b,B,45,16-07-2025 14:32
The 'Biological Diversity Act' aims to conserve:,Cultural diversity,Biological diversity,Linguistic diversity,Religious diversity,b,B,45,16-07-2025 14:32
The 'Wild Life (Protection) Act' aims to protect:,Domestic animals,"Wild animals, birds, and plants",Farm animals,Pet animals,b,B,45,16-07-2025 14:32
The 'Forest (Conservation) Act' aims to conserve:,Agricultural land,Forests,Urban areas,Industrial zones,b,B,45,16-07-2025 14:32
The 'Scheduled Castes and the Scheduled Tribes (Prevention of Atrocities) Act' aims to prevent:,Discrimination against general categories,Atrocities against SC/ST,Economic disparities,Social gatherings,b,B,45,16-07-2025 14:32
The 'Protection of Human Rights Act' aims to protect:,Animal rights,Human rights,Property rights,Intellectual property rights,b,B,45,16-07-2025 14:32
The 'Juvenile Justice (Care and Protection of Children) Act' deals with:,Adult offenders,Children in conflict with law and children in need of care and protection,Senior citizens,Disabled persons,b,B,45,16-07-2025 14:32
The 'Protection of Children from Sexual Offences (POCSO) Act' aims to protect children from:,Physical abuse,"Sexual assault, sexual harassment, and pornography",Emotional abuse,Neglect,b,B,45,16-07-2025 14:32
The 'Right of Children to Free and Compulsory Education Act' ensures:,Education for adults,Free and compulsory education for children aged 6-14 years,Higher education,Vocational training,b,B,45,16-07-2025 14:32
The 'National Food Security Act' aims to ensure:,Food scarcity,Food and nutritional security,Food wastage,Food exports,b,B,45,16-07-2025 14:32
"The 'Aadhaar (Targeted Delivery of Financial and Other Subsidies, Benefits and Services) Act' facilitates:",Random delivery of benefits,Targeted delivery of subsidies and benefits,Manual delivery of services,Untargeted delivery of services,b,B,45,16-07-2025 14:32
The 'Benami Transactions (Prohibition) Act' aims to prohibit:,Legal transactions,Benami transactions,Transparent transactions,Registered transactions,b,B,45,16-07-2025 14:32
The 'Prevention of Money-Laundering Act' aims to prevent:,Legitimate financial transactions,Money laundering,Foreign investments,Domestic trade,b,B,45,16-07-2025 14:32
The 'Foreign Exchange Management Act (FEMA)' aims to facilitate:,Illegal foreign exchange,External trade and payments,Domestic currency exchange,Black market operations,b,B,45,16-07-2025 14:32
The 'Competition Act' aims to promote:,Monopolies,Competition in markets,Cartels,Price fixing,b,B,45,16-07-2025 14:32
"The 'Micro, Small and Medium Enterprises Development (MSMED) Act' aims to promote:",Large scale industries,"Micro, small, and medium enterprises",Multinational corporations,Public sector undertakings,b,B,45,16-07-2025 14:32
The 'Limited Liability Partnership Act' provides for:,Unlimited liability partnerships,Limited liability partnerships,Sole proprietorships,Joint stock companies,b,B,45,16-07-2025 14:32
The 'Companies Act' regulates:,Partnerships,Companies,Trusts,Societies,b,B,45,16-07-2025 14:32
The 'Insolvency and Bankruptcy Code' deals with:,Solvency of individuals,Insolvency and bankruptcy resolution,Profitability of businesses,Investment strategies,b,B,45,16-07-2025 14:32
The 'Arbitration and Conciliation Act' promotes:,Litigation,Alternative dispute resolution,Court proceedings,Legal battles,b,B,45,16-07-2025 14:32
The 'Negotiable Instruments Act' deals with:,Immovable property,"Promissory notes, bills of exchange, and cheques",Intellectual property,Real estate,b,B,45,16-07-2025 14:32
The 'Indian Contract Act' defines and amends the law relating to:,Torts,Contracts,Crimes,Family matters,b,B,45,16-07-2025 14:32
The 'Specific Relief Act' deals with:,General damages,Specific performance of contracts,Punitive damages,Nominal damages,b,B,45,16-07-2025 14:32
The 'Transfer of Property Act' deals with:,Movable property,Transfer of property by act of parties,Intellectual property,Personal property,b,B,45,16-07-2025 14:32
The 'Indian Evidence Act' deals with:,Substantive law,Law of evidence,Procedural law,Criminal law,b,B,45,16-07-2025 14:32
The 'Code of Civil Procedure' deals with:,Criminal procedure,Civil procedure,Administrative procedure,Constitutional procedure,b,B,45,16-07-2025 14:32
The 'Code of Criminal Procedure' deals with:,Civil procedure,Criminal procedure,Administrative procedure,Constitutional procedure,b,B,46,16-07-2025 14:32
The 'Indian Penal Code' defines:,Civil wrongs,Criminal offenses,Administrative offenses,Constitutional offenses,b,B,46,16-07-2025 14:32
The 'Constitution of India' is the:,Supreme law of India,Ordinary law of India,Subordinate law of India,International law,a,A,46,16-07-2025 14:32
The 'Right to Education Act' ensures education for children up to:,10 years,14 years,18 years,21 years,b,B,46,16-07-2025 14:32
The 'Food Safety and Standards Authority of India (FSSAI)' is a:,Regulatory body,Advisory body,Research body,Funding body,a,A,46,16-07-2025 14:32
The 'National Medical Commission (NMC)' is responsible for:,Regulating nursing education,Regulating medical education and practice,Regulating pharmacy education,Regulating dental education,b,B,46,16-07-2025 14:32
The 'National Pharmacy Commission Bill' aims to regulate:,Medical education,Pharmacy education and practice,Nursing education,Dental education,b,B,46,16-07-2025 14:32
The 'Clinical Trials Registry - India (CTRI)' is a platform for:,Registering clinical trials,Conducting clinical trials,Analyzing clinical trial data,Publishing clinical trial results,a,A,46,16-07-2025 14:32
The 'Good Distribution Practices (GDP)' ensure the quality of drugs during:,Manufacturing,Distribution,Research,Development,b,B,46,16-07-2025 14:32
The 'Good Laboratory Practices (GLP)' apply to:,Clinical research,Non-clinical safety studies,Manufacturing processes,Distribution networks,b,B,46,16-07-2025 14:32
The 'Good Storage Practices (GSP)' ensure proper storage of:,Raw materials,Finished products,Both raw materials and finished products,Neither raw materials nor finished products,c,C,46,16-07-2025 14:32
The 'Good Dispensing Practices (GDispP)' ensure proper:,Drug manufacturing,Drug dispensing,Drug marketing,Drug research,b,B,46,16-07-2025 14:32
The 'Code of Pharmaceutical Ethics' guides the conduct of:,Doctors,Pharmacists,Nurses,Patients,b,B,46,16-07-2025 14:32
The 'Indian Medical Devices Rules' regulate:,Drugs,Cosmetics,Medical devices,Food products,c,C,46,16-07-2025 14:32
The 'National Health Policy' aims to provide:,Healthcare for the rich,Universal access to healthcare,Healthcare for the poor,Healthcare for specific diseases,b,B,46,16-07-2025 14:32
The 'Consumer Protection (E-commerce) Rules' protect consumers in:,Offline shopping,Online shopping,Both offline and online shopping,Neither offline nor online shopping,b,B,46,16-07-2025 14:32
The 'Information Technology Act' deals with:,Cyber security,Electronic transactions,Data protection,All of the above,d,D,46,16-07-2025 14:32
The 'Legal Metrology Act' ensures accuracy in:,Weights and measures,Legal documents,Financial transactions,Scientific experiments,a,A,46,16-07-2025 14:32
The 'Legal Metrology (Packaged Commodities) Rules' regulate:,Loose commodities,Packaged commodities,Bulk commodities,Unpackaged commodities,b,B,46,16-07-2025 14:32
The 'Food Safety and Standards Act' ensures:,Food adulteration,Food safety,Food scarcity,Food wastage,b,B,46,16-07-2025 14:32
The 'Clinical Trials Rules' ensure:,Unethical clinical trials,Ethical and scientific conduct of clinical trials,Rapid drug approval,Reduced clinical research,b,B,46,16-07-2025 14:32
The 'New Drugs and Clinical Trials Rules' aim to:,Discourage drug development,Promote drug innovation,Delay drug approval,Restrict clinical research,b,B,46,16-07-2025 14:32
The 'Medical Devices Rules' aim to ensure:,Unsafe medical devices,Safe and effective medical devices,Expensive medical devices,Limited access to medical devices,b,B,46,16-07-2025 14:32
The 'Bioethics Guidelines' provide ethical framework for:,Animal research,Human research,Plant research,Environmental research,b,B,46,16-07-2025 14:32
The 'National Medical Commission Act' aims to regulate:,Nursing education,Medical education,Pharmacy education,Dental education,b,B,46,16-07-2025 14:32
The 'National Pharmacy Commission Bill' aims to regulate:,Medical education,Pharmacy education,Nursing education,Dental education,b,B,46,16-07-2025 14:32
The 'Good Pharmacovigilance Practices (GPvP)' are essential for:,Drug manufacturing,Drug safety monitoring,Drug marketing,Drug distribution,b,B,46,16-07-2025 14:32
The 'Good Manufacturing Practices (GMP)' are crucial for:,Ensuring drug quality,Reducing drug costs,Speeding up drug development,Increasing drug sales,a,A,46,16-07-2025 14:32
The 'Good Clinical Laboratory Practices (GCLP)' are important for:,Clinical trial design,Laboratory data integrity,Patient recruitment,Statistical analysis,b,B,46,16-07-2025 14:32
The 'Good Documentation Practices (GDP)' are vital for:,Marketing materials,Regulatory compliance,Financial reports,Human resource records,b,B,46,16-07-2025 14:32
The 'Good Regulatory Practices (GRP)' promote:,Bureaucracy,Regulatory efficiency,Regulatory complexity,Regulatory loopholes,b,B,46,16-07-2025 14:32
The 'Indian Nursing Council Act' establishes standards for:,Medical colleges,Nursing schools,Pharmacy colleges,Dental colleges,b,B,46,16-07-2025 14:32
The 'Code of Ethics for Nurses in India' guides nurses in their:,Financial decisions,Professional conduct,Personal relationships,Political affiliations,b,B,46,16-07-2025 14:32
The 'Patient's Rights Charter' empowers patients to:,Demand unnecessary treatment,Make informed decisions about their healthcare,Sue healthcare providers without cause,Refuse all medical treatment,b,B,46,16-07-2025 14:32
The 'National Pharmaceutical Policy' aims to ensure:,Monopoly in drug market,Access to essential medicines,High profits for pharmaceutical companies,Limited drug research,b,B,46,16-07-2025 14:32
The 'Uniform Code for Pharmaceutical Marketing Practices (UCPMP)' prevents:,Fair competition,Unethical marketing practices,Innovative marketing strategies,Transparent drug pricing,b,B,46,16-07-2025 14:32
The 'National Blood Policy' aims to ensure:,Commercial blood donation,Voluntary blood donation,Mandatory blood donation,Paid blood donation,b,B,46,16-07-2025 14:32
The 'National Organ Transplant Programme (NOTP)' aims to increase:,Organ trafficking,Organ donation rates,Organ rejection rates,Organ black market,b,B,46,16-07-2025 14:32
The 'Assisted Reproductive Technology (Regulation) Act' aims to prevent:,Ethical ART practices,Exploitation of donors and surrogates,Access to ART,Research in ART,b,B,46,16-07-2025 14:32
The 'Surrogacy (Regulation) Act' aims to protect the rights of:,Intended parents,Surrogates,Both intended parents and surrogates,Neither intended parents nor surrogates,c,C,46,16-07-2025 14:32
The 'National Commission for Homoeopathy Act' aims to promote:,Allopathic medicine,Homoeopathic medicine,Ayurvedic medicine,Unani medicine,b,B,46,16-07-2025 14:32
The 'National Commission for Indian System of Medicine Act' aims to promote:,Allopathic medicine,Indian Systems of Medicine,Homoeopathic medicine,Western medicine,b,B,46,16-07-2025 14:32
The 'Prevention of Cruelty to Animals Act' aims to promote:,Animal experimentation,Animal welfare,Animal exploitation,Animal testing,b,B,46,16-07-2025 14:32
The 'Environment (Protection) Act' aims to prevent:,Sustainable development,Environmental degradation,Economic growth,Industrialization,b,B,46,16-07-2025 14:32
The 'Hazardous Wastes (Management and Transboundary Movement) Rules' aim to ensure:,Unsafe disposal of waste,Safe management of hazardous waste,Illegal waste dumping,Waste import,b,B,46,16-07-2025 14:32
The 'Plastic Waste Management Rules' aim to promote:,Single-use plastics,Plastic recycling,Plastic pollution,Plastic burning,b,B,46,16-07-2025 14:32
The 'E-Waste (Management) Rules' aim to promote:,Improper e-waste disposal,Responsible e-waste management,E-waste export,E-waste burning,b,B,46,16-07-2025 14:32
The 'Water (Prevention and Control of Pollution) Act' aims to maintain:,Polluted water bodies,Clean water bodies,Stagnant water bodies,Contaminated water bodies,b,B,46,16-07-2025 14:32
The 'Air (Prevention and Control of Pollution) Act' aims to maintain:,Polluted air quality,Clean air quality,Stagnant air,Contaminated air,b,B,46,16-07-2025 14:32
The 'Public Liability Insurance Act' provides compensation for victims of:,Natural disasters,Accidents involving hazardous substances,Road accidents,Medical negligence,b,B,46,16-07-2025 14:32
The 'National Green Tribunal Act' provides for speedy disposal of:,Criminal cases,Environmental cases,Civil cases,Family cases,b,B,47,16-07-2025 14:32
The 'Biological Diversity Act' aims to regulate access to:,Genetic resources,Financial resources,Human resources,Natural resources,a,A,47,16-07-2025 14:32
The 'Wild Life (Protection) Act' aims to prevent:,Poaching,Wildlife conservation,Wildlife tourism,Wildlife research,a,A,47,16-07-2025 14:32
The 'Forest (Conservation) Act' aims to prevent:,Afforestation,Deforestation,Reforestation,Forest management,b,B,47,16-07-2025 14:32
The 'Scheduled Castes and the Scheduled Tribes (Prevention of Atrocities) Act' aims to protect:,General public,Vulnerable sections of society,Economic offenders,Political leaders,b,B,47,16-07-2025 14:32
The 'Protection of Human Rights Act' aims to promote:,Human rights violations,Human rights protection,Human rights restrictions,Human rights abuses,b,B,47,16-07-2025 14:32
The 'Juvenile Justice (Care and Protection of Children) Act' aims to ensure:,Punishment for children,Rehabilitation of children,Exploitation of children,Neglect of children,b,B,47,16-07-2025 14:32
The 'Protection of Children from Sexual Offences (POCSO) Act' aims to provide:,Legal loopholes,Strong legal framework for child protection,Weak legal framework,No legal framework,b,B,47,16-07-2025 14:32
The 'Right of Children to Free and Compulsory Education Act' aims to provide:,Unequal education,Equitable education,Expensive education,Limited education,b,B,47,16-07-2025 14:32
The 'National Food Security Act' aims to provide food to:,Rich people,All citizens,Specific communities,Foreigners,b,B,47,16-07-2025 14:32
"The 'Aadhaar (Targeted Delivery of Financial and Other Subsidies, Benefits and Services) Act' aims to ensure:",Leakage of benefits,Efficient delivery of benefits,Delayed delivery of benefits,No delivery of benefits,b,B,47,16-07-2025 14:32
The 'Benami Transactions (Prohibition) Act' aims to curb:,Legitimate property transactions,Illegal property transactions,Transparent property transactions,Registered property transactions,b,B,47,16-07-2025 14:32
The 'Prevention of Money-Laundering Act' aims to prevent:,Economic growth,Illicit financial flows,Legitimate business transactions,Foreign direct investment,b,B,47,16-07-2025 14:32
The 'Foreign Exchange Management Act (FEMA)' aims to regulate:,Domestic currency,Foreign exchange,Cryptocurrencies,Barter trade,b,B,47,16-07-2025 14:32
The 'Competition Act' aims to prevent:,Healthy competition,Anti-competitive practices,Market innovation,Consumer choice,b,B,47,16-07-2025 14:32
"The 'Micro, Small and Medium Enterprises Development (MSMED) Act' aims to support:",Large corporations,Small businesses,Government enterprises,Non-profit organizations,b,B,47,16-07-2025 14:32
The 'Limited Liability Partnership Act' provides a legal framework for:,Sole proprietorships,Partnerships with limited liability,Unlimited liability companies,Public limited companies,b,B,47,16-07-2025 14:32
The 'Companies Act' governs the formation and functioning of:,Individuals,Companies,Associations,Cooperatives,b,B,47,16-07-2025 14:32
The 'Insolvency and Bankruptcy Code' provides a framework for:,Debt creation,Debt resolution,Debt avoidance,Debt accumulation,b,B,47,16-07-2025 14:32
The 'Arbitration and Conciliation Act' promotes:,Court-based dispute resolution,Out-of-court dispute resolution,International litigation,Criminal proceedings,b,B,47,16-07-2025 14:32
The 'Negotiable Instruments Act' deals with:,Property deeds,Financial instruments,Legal contracts,Employment agreements,b,B,47,16-07-2025 14:32
The 'Indian Contract Act' defines the principles of:,Criminal law,Contract law,Property law,Constitutional law,b,B,47,16-07-2025 14:32
The 'Specific Relief Act' provides remedies for:,Breach of contract,Criminal offenses,Torts,Constitutional violations,a,A,47,16-07-2025 14:32
The 'Transfer of Property Act' governs:,Transfer of movable property,Transfer of immovable property,Transfer of intellectual property,Transfer of personal property,b,B,47,16-07-2025 14:32
The 'Indian Evidence Act' governs:,Substantive law,Admissibility of evidence in court,Procedural law,Criminal law,b,B,47,16-07-2025 14:32
The 'Code of Civil Procedure' outlines the procedure for:,Criminal cases,Civil cases,Administrative cases,Constitutional cases,b,B,47,16-07-2025 14:32
The 'Code of Criminal Procedure' outlines the procedure for:,Civil cases,Criminal cases,Administrative cases,Constitutional cases,b,B,47,16-07-2025 14:32
The 'Indian Penal Code' defines:,Civil wrongs,Crimes and their punishments,Administrative offenses,Constitutional offenses,b,B,47,16-07-2025 14:32
The 'Constitution of India' provides for:,A unitary form of government,A federal form of government,A dictatorial form of government,An anarchic system,b,B,47,16-07-2025 14:32
The 'Right to Education Act' is a fundamental right for children aged:,0-6 years,6-14 years,14-18 years,18-25 years,b,B,47,16-07-2025 14:32
The 'Food Safety and Standards Authority of India (FSSAI)' ensures:,Food adulteration,Food quality and safety,Food wastage,Food scarcity,b,B,47,16-07-2025 14:32
The 'National Medical Commission (NMC)' aims to ensure:,Poor quality medical education,High quality medical education,Expensive medical education,Limited medical education,b,B,47,16-07-2025 14:32
The 'National Pharmacy Commission Bill' aims to ensure:,Poor quality pharmacy education,High quality pharmacy education,Expensive pharmacy education,Limited pharmacy education,b,B,47,16-07-2025 14:32
The 'Clinical Trials Registry - India (CTRI)' promotes:,Secrecy in clinical trials,Transparency in clinical trials,Unethical clinical trials,Fraudulent clinical trials,b,B,47,16-07-2025 14:32
The 'Good Distribution Practices (GDP)' ensure:,Unsafe drug distribution,Safe and secure drug distribution,Illegal drug distribution,Unregulated drug distribution,b,B,47,16-07-2025 14:32
The 'Good Laboratory Practices (GLP)' ensure:,Unreliable laboratory data,Reliable laboratory data,Fraudulent laboratory data,Inaccurate laboratory data,b,B,47,16-07-2025 14:32
The 'Good Storage Practices (GSP)' ensure:,Improper drug storage,Proper drug storage,Unsafe drug storage,Illegal drug storage,b,B,47,16-07-2025 14:32
The 'Good Dispensing Practices (GDispP)' ensure:,Incorrect drug dispensing,Correct drug dispensing,Unsafe drug dispensing,Illegal drug dispensing,b,B,47,16-07-2025 14:32
The 'Code of Pharmaceutical Ethics' ensures:,Unethical conduct of pharmacists,Ethical conduct of pharmacists,Illegal conduct of pharmacists,Unprofessional conduct of pharmacists,b,B,47,16-07-2025 14:32
The 'Indian Medical Devices Rules' aim to ensure:,Unsafe medical devices,Safe and effective medical devices,Expensive medical devices,Limited access to medical devices,b,B,47,16-07-2025 14:32
The 'National Health Policy' aims to achieve:,Health inequality,Health equity,Health disparities,Health discrimination,b,B,47,16-07-2025 14:32
The 'Consumer Protection (E-commerce) Rules' aim to protect consumers from:,Fair trade practices,Unfair trade practices in e-commerce,Ethical business practices,Transparent transactions,b,B,47,16-07-2025 14:32
The 'Information Technology Act' deals with:,Physical crimes,Cyber crimes,Financial crimes,Property crimes,b,B,47,16-07-2025 14:32
The 'Legal Metrology Act' aims to prevent:,Accurate measurements,Deceptive measurements,Standard measurements,Precise measurements,b,B,47,16-07-2025 14:32
The 'Legal Metrology (Packaged Commodities) Rules' aim to ensure:,Misleading labeling,Accurate labeling of packaged goods,Incomplete labeling,False labeling,b,B,47,16-07-2025 14:32
The 'Food Safety and Standards Act' aims to establish:,Unsafe food standards,Science-based food standards,Arbitrary food standards,Flexible food standards,b,B,47,16-07-2025 14:32
The 'Clinical Trials Rules' aim to ensure:,Exploitation of trial participants,Protection of trial participants,Neglect of trial participants,Abuse of trial participants,b,B,47,16-07-2025 14:32
The 'New Drugs and Clinical Trials Rules' aim to streamline:,Drug development process,Drug approval process,Drug manufacturing process,Drug distribution process,b,B,47,16-07-2025 14:32
The 'Medical Devices Rules' aim to classify medical devices based on their:,Aesthetic appeal,Risk to human health,Manufacturing cost,Market demand,b,B,47,16-07-2025 14:32
The 'Bioethics Guidelines' promote:,Unethical research,Ethical research,Illegal research,Unregulated research,b,B,47,16-07-2025 14:32
The 'National Medical Commission Act' aims to regulate:,Medical research,Medical education and practice,Medical tourism,Medical insurance,b,B,48,16-07-2025 14:32
The 'National Pharmacy Commission Bill' aims to regulate:,Pharmacy research,Pharmacy education and practice,Pharmaceutical manufacturing,Pharmaceutical marketing,b,B,48,16-07-2025 14:32
The 'Good Pharmacovigilance Practices (GPvP)' ensure:,Underreporting of adverse events,Comprehensive reporting of adverse events,Delayed reporting of adverse events,Selective reporting of adverse events,b,B,48,16-07-2025 14:32
The 'Good Manufacturing Practices (GMP)' aim to prevent:,Quality products,Contamination and errors in manufacturing,Efficient production,Cost-effective manufacturing,b,B,48,16-07-2025 14:32
The 'Good Clinical Laboratory Practices (GCLP)' ensure:,Inaccurate test results,Accurate and reliable test results,Biased test results,Delayed test results,b,B,48,16-07-2025 14:32
The 'Good Documentation Practices (GDP)' ensure:,Illegible records,Legible and traceable records,Incomplete records,False records,b,B,48,16-07-2025 14:32
The 'Good Regulatory Practices (GRP)' aim to foster:,Regulatory uncertainty,Regulatory predictability,Regulatory complexity,Regulatory loopholes,b,B,48,16-07-2025 14:32
The 'Indian Nursing Council Act' ensures:,Unqualified nurses,Qualified nurses,Unlicensed nurses,Unregistered nurses,b,B,48,16-07-2025 14:32
The 'Code of Ethics for Nurses in India' promotes:,Patient harm,Patient well-being,Patient neglect,Patient exploitation,b,B,48,16-07-2025 14:32
The 'Patient's Rights Charter' ensures patients have the right to:,Refuse treatment without explanation,Informed consent,Demand specific doctors,Access confidential medical records of others,b,B,48,16-07-2025 14:32
The 'National Pharmaceutical Policy' aims to promote:,Drug monopolies,Generic drugs,Branded drugs,Expensive drugs,b,B,48,16-07-2025 14:32
The 'Uniform Code for Pharmaceutical Marketing Practices (UCPMP)' aims to prevent:,Fair advertising,Misleading advertising,Informative advertising,Educational advertising,b,B,48,16-07-2025 14:32
The 'National Blood Policy' aims to promote:,Commercial blood banks,Voluntary blood donation,Paid blood donation,Forced blood donation,b,B,48,16-07-2025 14:32
The 'National Organ Transplant Programme (NOTP)' aims to facilitate:,Organ trafficking,Ethical organ donation,Organ black market,Organ smuggling,b,B,48,16-07-2025 14:32
The 'Assisted Reproductive Technology (Regulation) Act' aims to ensure:,Unregulated ART clinics,Regulation of ART clinics,Illegal ART clinics,Unlicensed ART clinics,b,B,48,16-07-2025 14:32
The 'Surrogacy (Regulation) Act' aims to prevent:,Altruistic surrogacy,Commercial surrogacy,Related surrogacy,Unrelated surrogacy,b,B,48,16-07-2025 14:32
The 'National Commission for Homoeopathy Act' aims to standardize:,Allopathic education,Homoeopathic education,Ayurvedic education,Unani education,b,B,48,16-07-2025 14:32
The 'National Commission for Indian System of Medicine Act' aims to standardize:,Allopathic education,Indian Systems of Medicine education,Homoeopathic education,Western medicine education,b,B,48,16-07-2025 14:32
The 'Prevention of Cruelty to Animals Act' aims to protect animals from:,Natural hazards,Human cruelty,Animal attacks,Environmental disasters,b,B,48,16-07-2025 14:32
The 'Environment (Protection) Act' aims to protect and improve the:,Economy,Environment,Society,Culture,b,B,48,16-07-2025 14:32
The 'Hazardous Wastes (Management and Transboundary Movement) Rules' aim to control:,Non-hazardous waste movement,Hazardous waste movement,Solid waste movement,Liquid waste movement,b,B,48,16-07-2025 14:32
The 'Plastic Waste Management Rules' aim to reduce:,Metal waste,Plastic waste,Glass waste,Paper waste,b,B,48,16-07-2025 14:32
The 'E-Waste (Management) Rules' aim to reduce:,Food waste,Electronic waste,Textile waste,Organic waste,b,B,48,16-07-2025 14:32
The 'Water (Prevention and Control of Pollution) Act' aims to prevent pollution of:,Air,Water,Soil,Noise,b,B,48,16-07-2025 14:32
The 'Air (Prevention and Control of Pollution) Act' aims to prevent pollution of:,Water,Air,Soil,Noise,b,B,48,16-07-2025 14:32
The 'Public Liability Insurance Act' provides for insurance against:,Natural calamities,Accidents involving hazardous substances,Road accidents,Medical malpractice,b,B,48,16-07-2025 14:32
The 'National Green Tribunal Act' provides for environmental justice by:,Delaying cases,Expeditious disposal of cases,Complicating cases,Ignoring cases,b,B,48,16-07-2025 14:32
The 'Biological Diversity Act' aims to ensure:,Exploitation of biological resources,Sustainable use of biological resources,Destruction of biological resources,Commercialization of biological resources,b,B,48,16-07-2025 14:32
The 'Wild Life (Protection) Act' aims to conserve:,Domestic animals,Wild animals,Farm animals,Pet animals,b,B,48,16-07-2025 14:32
The 'Forest (Conservation) Act' aims to prevent:,Forest growth,Diversion of forest land for non-forest purposes,Forest management,Forest research,b,B,48,16-07-2025 14:32
The 'Scheduled Castes and the Scheduled Tribes (Prevention of Atrocities) Act' aims to prevent:,Social harmony,Discrimination and atrocities,Economic development,Political participation,b,B,48,16-07-2025 14:32
The 'Protection of Human Rights Act' aims to establish:,Human rights violations,Human rights institutions,Human rights restrictions,Human rights abuses,b,B,48,16-07-2025 14:32
The 'Juvenile Justice (Care and Protection of Children) Act' aims to provide:,Punishment for child offenders,Care and protection for children,Exploitation of child labor,Neglect of child rights,b,B,48,16-07-2025 14:32
The 'Protection of Children from Sexual Offences (POCSO) Act' aims to ensure:,Child vulnerability,Child safety and protection,Child exploitation,Child abuse,b,B,48,16-07-2025 14:32
The 'Right of Children to Free and Compulsory Education Act' aims to ensure:,Illiteracy,Access to education,Dropouts,Child labor,b,B,48,16-07-2025 14:32
The 'National Food Security Act' aims to provide:,Food insecurity,Food security,Food wastage,Food scarcity,b,B,48,16-07-2025 14:32
"The 'Aadhaar (Targeted Delivery of Financial and Other Subsidies, Benefits and Services) Act' aims to reduce:",Transparency,Leakage in welfare schemes,Efficiency,Accountability,b,B,48,16-07-2025 14:32
The 'Benami Transactions (Prohibition) Act' aims to prevent:,Legitimate property ownership,Undisclosed property ownership,Transparent property ownership,Registered property ownership,b,B,48,16-07-2025 14:32
The 'Prevention of Money-Laundering Act' aims to prevent:,Clean money,Dirty money,White money,Black money,b,B,48,16-07-2025 14:32
The 'Foreign Exchange Management Act (FEMA)' aims to promote:,Illegal foreign exchange transactions,Legal foreign exchange transactions,Unregulated foreign exchange transactions,Unethical foreign exchange transactions,b,B,48,16-07-2025 14:32
The 'Competition Act' aims to prevent:,Fair competition,Abuse of dominant position,Market entry,Consumer welfare,b,B,48,16-07-2025 14:32
"The 'Micro, Small and Medium Enterprises Development (MSMED) Act' aims to facilitate:",Growth of large industries,Growth of MSMEs,Decline of MSMEs,Stagnation of MSMEs,b,B,48,16-07-2025 14:32
The 'Limited Liability Partnership Act' provides for:,Unlimited liability,Limited liability,No liability,Joint liability,b,B,48,16-07-2025 14:32
The 'Companies Act' aims to ensure:,Unregulated corporate governance,Good corporate governance,Poor corporate governance,No corporate governance,b,B,48,16-07-2025 14:32
The 'Insolvency and Bankruptcy Code' aims to provide:,Slow resolution of insolvency,Time-bound resolution of insolvency,No resolution of insolvency,Complex resolution of insolvency,b,B,48,16-07-2025 14:32
The 'Arbitration and Conciliation Act' aims to promote:,Adversarial approach,Amicable settlement of disputes,Confrontational approach,Litigious approach,b,B,48,16-07-2025 14:32
The 'Negotiable Instruments Act' deals with:,Immovable property,Transferable financial instruments,Intellectual property,Real estate,b,B,48,16-07-2025 14:32
The 'Indian Contract Act' defines:,Void contracts,Valid contracts,Voidable contracts,All of the above,d,D,48,16-07-2025 14:32
The 'Specific Relief Act' provides for:,Monetary compensation only,Specific performance of obligations,Punitive damages only,Nominal damages only,b,B,48,16-07-2025 14:32
The 'Transfer of Property Act' deals with:,Gifts,Sales,Mortgages,All of the above,d,D,48,16-07-2025 14:32
The 'Indian Evidence Act' deals with:,Oral evidence,Documentary evidence,Circumstantial evidence,All of the above,d,D,49,16-07-2025 14:32
The 'Code of Civil Procedure' deals with:,Suits,Appeals,Revisions,All of the above,d,D,49,16-07-2025 14:32
The 'Code of Criminal Procedure' deals with:,Investigation,Inquiry,Trial,All of the above,d,D,49,16-07-2025 14:32
The 'Indian Penal Code' defines:,Offenses against the state,Offenses against the human body,Offenses against property,All of the above,d,D,49,16-07-2025 14:32
The 'Constitution of India' provides for:,Fundamental rights,Directive principles of state policy,Fundamental duties,All of the above,d,D,49,16-07-2025 14:32
The 'Right to Education Act' ensures education for children up to:,Primary level,Secondary level,Higher secondary level,University level,a,A,49,16-07-2025 14:32
The 'Food Safety and Standards Authority of India (FSSAI)' sets standards for:,Food additives,Contaminants,Packaging and labeling,All of the above,d,D,49,16-07-2025 14:32
The 'National Medical Commission (NMC)' regulates:,Medical colleges,Medical practitioners,Medical research,All of the above,d,D,49,16-07-2025 14:32
The 'National Pharmacy Commission Bill' aims to regulate:,Pharmacy colleges,Pharmacists,Pharmaceutical industry,All of the above,d,D,49,16-07-2025 14:32
The 'Clinical Trials Registry - India (CTRI)' is a public database of:,Approved drugs,Clinical trials,Adverse drug reactions,Drug manufacturers,b,B,49,16-07-2025 14:32
The 'Good Distribution Practices (GDP)' ensure the integrity of drugs during:,Manufacturing,Transportation,Storage,Both b and c,d,D,49,16-07-2025 14:32
The 'Good Laboratory Practices (GLP)' ensure the quality and integrity of:,Clinical data,Non-clinical safety data,Manufacturing data,Marketing data,b,B,49,16-07-2025 14:32
The 'Good Storage Practices (GSP)' ensure proper storage conditions for:,Raw materials,Packaging materials,Finished products,All of the above,d,D,49,16-07-2025 14:32
The 'Good Dispensing Practices (GDispP)' ensure:,Safe and effective dispensing of medicines,Rapid dispensing of medicines,Cost-effective dispensing of medicines,Unregulated dispensing of medicines,a,A,49,16-07-2025 14:32
The 'Code of Pharmaceutical Ethics' promotes:,Professionalism,Integrity,Patient welfare,All of the above,d,D,49,16-07-2025 14:32
The 'Indian Medical Devices Rules' classify medical devices into:,2 classes,3 classes,4 classes,5 classes,c,C,49,16-07-2025 14:32
The 'National Health Policy' aims to increase public health expenditure to:,1% of GDP,2.5% of GDP,5% of GDP,10% of GDP,b,B,49,16-07-2025 14:32
The 'Consumer Protection (E-commerce) Rules' define:,E-commerce entity,Marketplace e-commerce entity,Inventory e-commerce entity,All of the above,d,D,49,16-07-2025 14:32
The 'Information Technology Act' provides legal framework for:,Digital signatures,Electronic records,Cyber cafes,All of the above,d,D,49,16-07-2025 14:32
The 'Legal Metrology Act' applies to:,All goods,Packaged goods,Goods sold by weight or measure,Goods sold by count,c,C,49,16-07-2025 14:32
The 'Legal Metrology (Packaged Commodities) Rules' require declaration of:,Net quantity,MRP,Manufacturer details,All of the above,d,D,49,16-07-2025 14:32
The 'Food Safety and Standards Act' established:,Central Food Laboratory,State Food Laboratories,Referral Food Laboratories,All of the above,d,D,49,16-07-2025 14:32
The 'Clinical Trials Rules' specify the requirements for:,Ethics committee,Informed consent,Compensation for injury,All of the above,d,D,49,16-07-2025 14:32
The 'New Drugs and Clinical Trials Rules' aim to promote:,Research and development,Innovation,Access to new drugs,All of the above,d,D,49,16-07-2025 14:32
The 'Medical Devices Rules' aim to ensure:,Post-market surveillance,Vigilance,Recall,All of the above,d,D,49,16-07-2025 14:32
The 'Bioethics Guidelines' cover:,Research ethics,Clinical ethics,Public health ethics,All of the above,d,D,49,16-07-2025 14:32
The 'National Medical Commission Act' aims to reduce:,Corruption in medical education,Quality of medical education,Number of medical seats,Access to medical education,a,A,49,16-07-2025 14:32
The 'National Pharmacy Commission Bill' aims to reduce:,Corruption in pharmacy education,Quality of pharmacy education,Number of pharmacy seats,Access to pharmacy education,a,A,49,16-07-2025 14:32
The 'Good Pharmacovigilance Practices (GPvP)' ensure:,Timely reporting of adverse events,Delayed reporting of adverse events,No reporting of adverse events,False reporting of adverse events,a,A,49,16-07-2025 14:32
The 'Good Manufacturing Practices (GMP)' ensure:,Production of substandard drugs,Production of quality drugs,Production of counterfeit drugs,Production of illegal drugs,b,B,49,16-07-2025 14:32
The 'Good Clinical Laboratory Practices (GCLP)' ensure:,Unreliable laboratory results,Reliable laboratory results,Biased laboratory results,Inaccurate laboratory results,b,B,49,16-07-2025 14:32
The 'Good Documentation Practices (GDP)' ensure:,Incomplete documentation,Accurate and complete documentation,False documentation,Misleading documentation,b,B,49,16-07-2025 14:32
The 'Good Regulatory Practices (GRP)' aim to promote:,Regulatory burden,Regulatory efficiency,Regulatory complexity,Regulatory loopholes,b,B,49,16-07-2025 14:32
The 'Indian Nursing Council Act' provides for:,Registration of doctors,Registration of nurses,Registration of pharmacists,Registration of dentists,b,B,49,16-07-2025 14:32
The 'Code of Ethics for Nurses in India' emphasizes:,Self-interest,Patient-centered care,Financial gain,Personal beliefs,b,B,49,16-07-2025 14:32
The 'Patient's Rights Charter' ensures:,Right to refuse treatment,Right to privacy,Right to information,All of the above,d,D,49,16-07-2025 14:32
The 'National Pharmaceutical Policy' aims to strengthen:,Drug manufacturing,Drug research,Drug distribution,All of the above,d,D,49,16-07-2025 14:32
The 'Uniform Code for Pharmaceutical Marketing Practices (UCPMP)' is a:,Statutory code,Voluntary code,Mandatory code,Legal code,b,B,49,16-07-2025 14:32
The 'National Blood Policy' aims to achieve:,100% voluntary blood donation,50% voluntary blood donation,25% voluntary blood donation,0% voluntary blood donation,a,A,49,16-07-2025 14:32
The 'National Organ Transplant Programme (NOTP)' aims to create:,Organ shortage,Organ surplus,Organ registry,Organ black market,c,C,49,16-07-2025 14:32
The 'Assisted Reproductive Technology (Regulation) Act' aims to ensure:,Ethical ART practices,Unethical ART practices,Illegal ART practices,Unregulated ART practices,a,A,49,16-07-2025 14:32
The 'Surrogacy (Regulation) Act' aims to prevent:,Exploitation of surrogates,Protection of surrogates,Welfare of surrogates,Rights of surrogates,a,A,49,16-07-2025 14:32
The 'National Commission for Homoeopathy Act' aims to promote:,Research in homoeopathy,Education in homoeopathy,Practice of homoeopathy,All of the above,d,D,49,16-07-2025 14:32
The 'National Commission for Indian System of Medicine Act' aims to promote:,Research in ISM,Education in ISM,Practice of ISM,All of the above,d,D,49,16-07-2025 14:32
The 'Prevention of Cruelty to Animals Act' aims to prevent:,Scientific research on animals,Unnecessary suffering to animals,Animal breeding,Animal trade,b,B,49,16-07-2025 14:32
The 'Environment (Protection) Act' empowers the Central Government to:,Take measures to protect and improve the environment,Ignore environmental issues,Promote environmental degradation,Restrict environmental protection,a,A,49,16-07-2025 14:32
The 'Hazardous Wastes (Management and Transboundary Movement) Rules' aim to ensure:,Safe disposal of hazardous waste,Illegal disposal of hazardous waste,Unregulated disposal of hazardous waste,Unsafe disposal of hazardous waste,a,A,49,16-07-2025 14:32
The 'Plastic Waste Management Rules' aim to promote:,Waste generation,Waste reduction,Waste burning,Waste dumping,b,B,49,16-07-2025 14:32
The 'E-Waste (Management) Rules' aim to promote:,E-waste dumping,E-waste recycling,E-waste burning,E-waste export,b,B,49,16-07-2025 14:32
The 'Water (Prevention and Control of Pollution) Act' established:,Central Pollution Control Board,State Pollution Control Boards,Both a and b,Neither a nor b,c,C,49,16-07-2025 14:32
The 'Air (Prevention and Control of Pollution) Act' established:,Central Pollution Control Board,State Pollution Control Boards,Both a and b,Neither a nor b,c,C,50,16-07-2025 14:32
The 'Public Liability Insurance Act' is a:,Voluntary scheme,Mandatory scheme,Optional scheme,Discretionary scheme,b,B,50,16-07-2025 14:32
The 'National Green Tribunal Act' provides for:,Appellate jurisdiction,Original jurisdiction,Both a and b,Neither a nor b,c,C,50,16-07-2025 14:32
The 'Biological Diversity Act' aims to ensure:,Equitable sharing of benefits,Unequal sharing of benefits,No sharing of benefits,Exploitation of benefits,a,A,50,16-07-2025 14:32
The 'Wild Life (Protection) Act' provides for:,Hunting of wild animals,Protection of endangered species,Trade in wild animals,Destruction of wildlife habitats,b,B,50,16-07-2025 14:32
The 'Forest (Conservation) Act' requires prior approval for:,Afforestation,Deforestation,Reforestation,Forest management,b,B,50,16-07-2025 14:32
The 'Scheduled Castes and the Scheduled Tribes (Prevention of Atrocities) Act' provides for:,Enhanced punishments,Reduced punishments,No punishments,Leniency,a,A,50,16-07-2025 14:32
The 'Protection of Human Rights Act' provides for:,Investigation of human rights violations,Promotion of human rights,Protection of human rights,All of the above,d,D,50,16-07-2025 14:32
The 'Juvenile Justice (Care and Protection of Children) Act' provides for:,Institutional care,Non-institutional care,Both a and b,Neither a nor b,c,C,50,16-07-2025 14:32
The 'Protection of Children from Sexual Offences (POCSO) Act' provides for:,Special courts,Child-friendly procedures,Rehabilitation of victims,All of the above,d,D,50,16-07-2025 14:32
The 'Right of Children to Free and Compulsory Education Act' provides for:,Neighborhood schools,Special training for dropouts,Prohibition of physical punishment,All of the above,d,D,50,16-07-2025 14:32
The 'National Food Security Act' provides for:,Subsidized food grains,Mid-day meals,Maternity benefit,All of the above,d,D,50,16-07-2025 14:32
"The 'Aadhaar (Targeted Delivery of Financial and Other Subsidies, Benefits and Services) Act' aims to prevent:",Duplication of benefits,Fraudulent claims,Diversion of benefits,All of the above,d,D,50,16-07-2025 14:32
The 'Benami Transactions (Prohibition) Act' provides for:,Confiscation of benami property,Imprisonment,Fine,All of the above,d,D,50,16-07-2025 14:32
The 'Prevention of Money-Laundering Act' provides for:,Attachment of property,Adjudication,Prosecution,All of the above,d,D,50,16-07-2025 14:32
The 'Foreign Exchange Management Act (FEMA)' replaced:,FERA,MRTP Act,COFEPOSA,TADA,a,A,50,16-07-2025 14:32
The 'Competition Act' prohibits:,Anti-competitive agreements,Abuse of dominant position,Combinations that cause appreciable adverse effect on competition,All of the above,d,D,50,16-07-2025 14:32
"The 'Micro, Small and Medium Enterprises Development (MSMED) Act' provides for:",Facilitation Council,Arbitration,Conciliation,All of the above,d,D,50,16-07-2025 14:32
The 'Limited Liability Partnership Act' provides for:,Body corporate,Perpetual succession,Common seal,All of the above,d,D,50,16-07-2025 14:32
The 'Companies Act' provides for:,Incorporation of companies,Management of companies,Winding up of companies,All of the above,d,D,50,16-07-2025 14:32
The 'Insolvency and Bankruptcy Code' provides for:,Corporate insolvency resolution process,Individual insolvency resolution process,Partnership insolvency resolution process,All of the above,d,D,50,16-07-2025 14:32
The 'Arbitration and Conciliation Act' provides for:,Domestic arbitration,International commercial arbitration,Conciliation,All of the above,d,D,50,16-07-2025 14:32
The 'Negotiable Instruments Act' defines:,Holder,Holder in due course,Payment in due course,All of the above,d,D,50,16-07-2025 14:32
The 'Indian Contract Act' defines:,Offer,Acceptance,Consideration,All of the above,d,D,50,16-07-2025 14:32
The 'Specific Relief Act' provides for:,Recovery of possession of property,Specific performance of contracts,Injunctions,All of the above,d,D,50,16-07-2025 14:32
The 'Transfer of Property Act' deals with:,Sale,Mortgage,Lease,All of the above,d,D,50,16-07-2025 14:32
The 'Indian Evidence Act' deals with:,Relevancy of facts,Admissibility of facts,Proof of facts,All of the above,d,D,50,16-07-2025 14:32
The 'Code of Civil Procedure' deals with:,Jurisdiction of courts,Institution of suits,Summons,All of the above,d,D,50,16-07-2025 14:32
The 'Code of Criminal Procedure' deals with:,Arrest,Search,Seizure,All of the above,d,D,50,16-07-2025 14:32
The 'Indian Penal Code' deals with:,General exceptions,Abetment,Criminal conspiracy,All of the above,d,D,50,16-07-2025 14:32
The 'Constitution of India' provides for:,Union and its territory,Citizenship,Fundamental rights,All of the above,d,D,50,16-07-2025 14:32
The 'Right to Education Act' provides for:,Prohibition of capitation fee,Prohibition of screening procedure for admission,Provision for special training for children in need of special care,All of the above,d,D,50,16-07-2025 14:32
The 'Food Safety and Standards Authority of India (FSSAI)' is under the administrative control of:,Ministry of Health and Family Welfare,Ministry of Food Processing Industries,Ministry of Agriculture,Ministry of Commerce and Industry,a,A,50,16-07-2025 14:32
The 'National Medical Commission (NMC)' consists of:,10 members,20 members,33 members,40 members,c,C,50,16-07-2025 14:32
The 'National Pharmacy Commission Bill' proposes to establish:,National Pharmacy Commission,Pharmacy Advisory Council,Both a and b,Neither a nor b,c,C,50,16-07-2025 14:32
The 'Good Pharmacovigilance Practices (GPvP)' require:,Adverse drug reaction reporting,Signal detection,Risk management,All of the above,d,D,50,16-07-2025 14:32
The 'Good Manufacturing Practices (GMP)' cover:,Personnel,Premises,Equipment,All of the above,d,D,50,16-07-2025 14:32
The 'Good Clinical Laboratory Practices (GCLP)' ensure:,Quality control,Quality assurance,Proficiency testing,All of the above,d,D,50,16-07-2025 14:32
The 'Good Documentation Practices (GDP)' ensure:,Data integrity,Data security,Data traceability,All of the above,d,D,50,16-07-2025 14:32
The 'Good Regulatory Practices (GRP)' aim to enhance:,Regulatory transparency,Regulatory predictability,Regulatory efficiency,All of the above,d,D,50,16-07-2025 14:32
The 'Indian Nursing Council Act' provides for:,Maintenance of Indian Nurses Register,Recognition of nursing qualifications,Regulation of nursing education,All of the above,d,D,50,16-07-2025 14:32
The 'Code of Ethics for Nurses in India' includes principles of:,Autonomy,Beneficence,Non-maleficence,All of the above,d,D,50,16-07-2025 14:32
The 'Patient's Rights Charter' includes the right to:,Emergency medical care,Access to medical records,Confidentiality,All of the above,d,D,50,16-07-2025 14:32
The 'National Pharmaceutical Policy' aims to promote:,Self-sufficiency in drug production,Export of drugs,Import of drugs,Foreign investment in drug sector,a,A,50,16-07-2025 14:32
The 'Uniform Code for Pharmaceutical Marketing Practices (UCPMP)' applies to:,Pharmaceutical companies,Medical representatives,Healthcare professionals,All of the above,a,A,50,16-07-2025 14:32
The 'National Blood Policy' aims to eliminate:,Professional blood donation,Voluntary blood donation,Replacement blood donation,Directed blood donation,a,A,50,16-07-2025 14:32
The 'National Organ Transplant Programme (NOTP)' aims to promote:,Deceased organ donation,Living organ donation,Both a and b,Neither a nor b,c,C,50,16-07-2025 14:32
The 'Assisted Reproductive Technology (Regulation) Act' provides for:,Registration of ART clinics,Regulation of ART procedures,Protection of gamete donors,All of the above,d,D,50,16-07-2025 14:32
The 'Surrogacy (Regulation) Act' provides for:,Altruistic surrogacy,Commercial surrogacy,International surrogacy,All of the above,a,A,50,16-07-2025 14:32
The 'National Commission for Homoeopathy Act' aims to ensure:,Quality homoeopathy education,Quality homoeopathy practice,Both a and b,Neither a nor b,c,C,50,16-07-2025 14:32
The 'National Commission for Indian System of Medicine Act' aims to ensure:,Quality ISM education,Quality ISM practice,Both a and b,Neither a nor b,c,C,50,16-07-2025 14:32
The 'Prevention of Cruelty to Animals Act' defines:,Cruelty to animals,Animal welfare organizations,Animal shelters,All of the above,d,D,50,16-07-2025 14:32
The 'Environment (Protection) Act' provides for:,Environmental standards,Environmental protection authorities,Environmental laboratories,All of the above,d,D,50,16-07-2025 14:32
The 'Hazardous Wastes (Management and Transboundary Movement) Rules' define:,Hazardous waste,Waste generators,Waste transporters,All of the above,d,D,50,16-07-2025 14:32
The 'Plastic Waste Management Rules' define:,Plastic waste,Plastic waste management,Extended Producer Responsibility,All of the above,d,D,50,16-07-2025 14:32
The 'E-Waste (Management) Rules' define:,E-waste,E-waste management,Producer Responsibility Organization,All of the above,d,D,50,16-07-2025 14:32
The 'Water (Prevention and Control of Pollution) Act' provides for:,Water pollution control areas,Water quality standards,Consent to establish and operate,All of the above,d,D,50,16-07-2025 14:32
The 'Air (Prevention and Control of Pollution) Act' provides for:,Air pollution control areas,Air quality standards,Consent to establish and operate,All of the above,d,D,50,16-07-2025 14:32
The 'Public Liability Insurance Act' provides for:,Owner,Occupier,Hazardous substance,All of the above,d,D,50,16-07-2025 14:32
The 'National Green Tribunal Act' provides for:,Original jurisdiction,Appellate jurisdiction,Review jurisdiction,All of the above,d,D,50,16-07-2025 14:32
