Question,Option A,Option B,Option C,Option D,Correct Answer,Correct Answer
Which of the following is considered the basic unit of life?,Organ,Tissue,Cell,System,c,C
The process by which the body maintains a stable internal environment is called:,Metabolism,Homeostasis,Catabolism,Anabolism,b,B
"Which organ system is responsible for the transport of oxygen, nutrients, and hormones throughout the body?",Respiratory system,Digestive system,Circulatory system,Nervous system,c,C
The powerhouse of the cell is the:,Nucleus,Mitochondria,Endoplasmic Reticulum,Golgi Apparatus,b,B
Which type of tissue covers body surfaces and lines body cavities?,Connective tissue,Muscle tissue,Nervous tissue,Epithelial tissue,d,D
The largest organ in the human body is the:,Liver,Brain,Skin,Heart,c,C
The primary function of red blood cells is to:,Fight infection,Clot blood,Transport oxygen,Produce antibodies,c,C
Which part of the brain is responsible for coordination and balance?,Cerebrum,Cerebellum,Brainstem,Thalamus,b,B
The process of breaking down food into simpler substances is called:,Absorption,Digestion,Excretion,Metabolism,b,B
Which of the following is a long bone?,Patella,Vertebra,Femur,Carpal,c,C
The functional unit of the kidney is the:,Neuron,Alveolus,Nephron,Hepatocyte,c,C
Which hormone is responsible for regulating blood sugar levels?,Thyroxine,Estrogen,Insulin,Testosterone,c,C
The involuntary muscle found in the walls of internal organs is:,Skeletal muscle,Cardiac muscle,Smooth muscle,Voluntary muscle,c,C
The part of the eye that controls the amount of light entering is the:,Retina,Cornea,Iris,Lens,c,C
The primary function of the lymphatic system is to:,Transport oxygen,Produce hormones,Fight infection,Digest food,c,C
Which of the following is a component of the central nervous system?,Spinal nerves,Cranial nerves,Brain,Ganglia,c,C
The process of gas exchange in the lungs occurs in the:,Bronchi,Trachea,Alveoli,Larynx,c,C
"The tough, fibrous connective tissue that connects muscle to bone is called:",Ligament,Cartilage,Tendon,Fascia,c,C
"Which gland is often referred to as the ""master gland"" of the endocrine system?",Thyroid gland,Adrenal gland,Pituitary gland,Pancreas,c,C
The outermost layer of the skin is the:,Dermis,Hypodermis,Epidermis,Subcutaneous layer,c,C
The primary function of the large intestine is:,Digestion of proteins,Absorption of nutrients,Absorption of water,Production of bile,c,C
Which blood vessel carries oxygenated blood away from the heart?,Vena cava,Pulmonary artery,Aorta,Pulmonary vein,c,C
The bones of the skull are joined by immovable joints called:,Synovial joints,Cartilaginous joints,Fibrous joints,Pivot joints,c,C
The fluid that fills the space between the lens and the retina of the eye is the:,Aqueous humor,Vitreous humor,Cerebrospinal fluid,Synovial fluid,b,B
Which part of the ear is responsible for hearing?,Semicircular canals,Cochlea,Vestibule,Ossicles,b,B
The process of producing urine in the kidneys involves:,"Filtration, reabsorption, and secretion","Digestion, absorption, and excretion","Contraction, relaxation, and movement","Oxidation, reduction, and synthesis",a,A
Which of the following is a male reproductive organ?,Ovary,Uterus,Testis,Fallopian tube,c,C
The primary function of the skeletal system is:,Movement,Protection of organs,Production of hormones,Digestion of food,b,B
Which type of muscle tissue is responsible for voluntary movements?,Smooth muscle,Cardiac muscle,Skeletal muscle,Involuntary muscle,c,C
The part of the brain that controls vital functions like breathing and heart rate is the:,Cerebrum,Cerebellum,Brainstem,Hypothalamus,c,C
The process of maintaining a stable internal body temperature is called:,Homeostasis,Thermoregulation,Metabolism,Respiration,b,B
Which of the following is a component of the axial skeleton?,Femur,Humerus,Ribs,Tibia,c,C
The primary function of the stomach is:,Absorption of nutrients,Chemical digestion of carbohydrates,Mechanical and chemical digestion of proteins,Production of bile,c,C
Which blood component is responsible for carrying oxygen?,Platelets,White blood cells,Red blood cells,Plasma,c,C
The functional unit of the nervous system is the:,Nephron,Alveolus,Neuron,Sarcomere,c,C
Which endocrine gland produces hormones that regulate metabolism?,Adrenal gland,Pituitary gland,Thyroid gland,Pancreas,c,C
The process of muscle contraction is initiated by the release of which ion?,Sodium,Potassium,Calcium,Chloride,c,C
The transparent outer layer of the eye that helps to focus light is the:,Retina,Iris,Cornea,Lens,c,C
Which of the following is a primary lymphoid organ?,Spleen,Lymph nodes,Thymus,Tonsils,c,C
The process of converting glucose into energy in the presence of oxygen is called:,Anaerobic respiration,Photosynthesis,Cellular respiration,Fermentation,c,C
"Which part of the brain is responsible for higher-level thinking, memory, and language?",Cerebellum,Brainstem,Cerebrum,Thalamus,c,C
The primary function of the small intestine is:,Water absorption,Digestion and absorption of nutrients,Storage of waste products,Production of digestive enzymes,b,B
Which of the following is a component of the appendicular skeleton?,Skull,Vertebral column,Pelvic girdle,Rib cage,c,C
The process of blood clotting is primarily carried out by:,Red blood cells,White blood cells,Platelets,Plasma,c,C
Which of the following is a female reproductive organ?,Testis,Epididymis,Ovary,Vas deferens,c,C
The functional unit of muscle contraction is the:,Neuron,Nephron,Sarcomere,Alveolus,c,C
Which of the following is a type of joint that allows for a wide range of motion?,Suture,Hinge joint,Ball-and-socket joint,Immovable joint,c,C
The primary function of the respiratory system is:,Transport of nutrients,Gas exchange,Waste elimination,Hormone production,b,B
Which of the following is a major component of connective tissue?,Keratin,Collagen,Actin,Myosin,b,B
The process by which the body eliminates metabolic waste products is called:,Digestion,Absorption,Excretion,Respiration,c,C
Which of the following is the main organ of the circulatory system?,Lungs,Kidneys,Heart,Liver,c,C
The process of breaking down complex molecules into simpler ones is called:,Anabolism,Catabolism,Metabolism,Homeostasis,b,B
Which part of the brain controls voluntary movements?,Cerebellum,Brainstem,Cerebrum,Spinal cord,c,C
The primary function of the liver includes:,Producing insulin,Filtering blood and detoxifying chemicals,Storing urine,Pumping blood,b,B
Which of the following is a component of blood plasma?,Red blood cells,White blood cells,Platelets,Water,d,D
The process of producing new blood cells is called:,Hemostasis,Hematopoiesis,Hemolysis,Hemoglobinization,b,B
Which of the following is a major function of the integumentary system?,Support,Protection,Movement,Communication,b,B
The primary site of nutrient absorption in the digestive system is the:,Stomach,Large intestine,Small intestine,Esophagus,c,C
Which of the following is a type of cartilage found in the nose and ears?,Hyaline cartilage,Elastic cartilage,Fibrocartilage,Articular cartilage,b,B
The process of nerve impulse transmission across a synapse involves:,Hormones,Neurotransmitters,Enzymes,Antibodies,b,B
Which of the following is a primary sex organ in females?,Uterus,Vagina,Ovary,Fallopian tube,c,C
"The process of breathing, involving inhalation and exhalation, is called:",Respiration,Ventilation,Gas exchange,Cellular respiration,b,B
Which of the following is a type of bone cell responsible for breaking down bone tissue?,Osteoblast,Osteocyte,Osteoclast,Chondrocyte,c,C
The functional unit of the lung where gas exchange occurs is the:,Bronchiole,Trachea,Alveolus,Larynx,c,C
Which of the following is a component of the peripheral nervous system?,Brain,Spinal cord,Cranial nerves,Cerebellum,c,C
The primary function of the gall bladder is to:,Produce bile,Store bile,Digest fats,Absorb nutrients,b,B
Which of the following is a major artery that carries oxygenated blood to the lower body?,Carotid artery,Subclavian artery,Femoral artery,Brachial artery,c,C
The process of maintaining fluid and electrolyte balance in the body is primarily regulated by the:,Lungs,Heart,Kidneys,Liver,c,C
Which of the following is a type of joint that allows for movement in only one plane?,Ball-and-socket joint,Pivot joint,Hinge joint,Gliding joint,c,C
"The tough, protective membrane that surrounds the brain and spinal cord is called the:",Pericardium,Pleura,Meninges,Peritoneum,c,C
Which of the following is a primary function of the endocrine system?,Gas exchange,Hormone production and regulation,Waste elimination,Structural support,b,B
The process of breaking down food mechanically and chemically is called:,Absorption,Digestion,Metabolism,Excretion,b,B
Which of the following is a type of muscle tissue that is striated and voluntary?,Smooth muscle,Cardiac muscle,Skeletal muscle,Involuntary muscle,c,C
The primary function of the large intestine is to:,Absorb nutrients,Absorb water and electrolytes,Digest fats,Produce digestive enzymes,b,B
Which of the following is a component of the lymphatic system?,Spleen,Kidneys,Lungs,Heart,a,A
The process of converting light energy into electrical signals in the eye is carried out by the:,Cornea,Lens,Retina,Iris,c,C
Which of the following is a major vein that carries deoxygenated blood from the lower body to the heart?,Aorta,Pulmonary vein,Superior vena cava,Inferior vena cava,d,D
The primary function of the urinary system is to:,Produce hormones,Filter blood and produce urine,Digest food,Transport oxygen,b,B
Which of the following is a type of cell that transmits electrical signals in the nervous system?,Glial cell,Neuron,Osteocyte,Chondrocyte,b,B
The process of bone formation is called:,Osteoporosis,Ossification,Resorption,Calcification,b,B
Which of the following is the largest gland in the human body?,Pancreas,Thyroid gland,Liver,Adrenal gland,c,C
The process of maintaining the body's internal temperature within a narrow range is known as:,Homeostasis,Thermoregulation,Metabolism,Respiration,b,B
Which of the following is a primary function of the muscular system?,Support,Protection,Movement,Communication,c,C
The functional unit of the kidney responsible for filtering blood and forming urine is the:,Nephron,Glomerulus,Renal tubule,Bowman's capsule,a,A
Which of the following is a component of the central nervous system?,Spinal nerves,Cranial nerves,Brain,Autonomic nervous system,c,C
The process of breaking down carbohydrates into simpler sugars is called:,Proteolysis,Lipolysis,Glycolysis,Gluconeogenesis,c,C
Which of the following is a major artery that supplies blood to the brain?,Femoral artery,Brachial artery,Carotid artery,Radial artery,c,C
The primary function of the spleen is to:,Produce digestive enzymes,Filter blood and remove old red blood cells,Store bile,Produce hormones,b,B
Which of the following is a type of joint that allows for rotation?,Hinge joint,Ball-and-socket joint,Pivot joint,Gliding joint,c,C
The process of gas exchange between the blood and body cells is called:,External respiration,Internal respiration,Ventilation,Pulmonary circulation,b,B
Which of the following is a primary female sex hormone?,Testosterone,Estrogen,Progesterone,Both b and c,d,D
The process of urine formation begins with:,Tubular reabsorption,Glomerular filtration,Tubular secretion,Micturition,b,B
Which of the following is a major component of the axial skeleton?,Pelvic girdle,Pectoral girdle,Vertebral column,Upper limbs,c,C
The primary function of the small intestine is:,Water absorption,Digestion and absorption of nutrients,Storage of waste products,Production of digestive enzymes,b,B
Which of the following is a type of muscle tissue that is involuntary and found in the heart?,Skeletal muscle,Smooth muscle,Cardiac muscle,Voluntary muscle,c,C
"The part of the brain responsible for regulating sleep, appetite, and body temperature is the:",Cerebrum,Cerebellum,Hypothalamus,Brainstem,c,C
Which of the following is a major component of the lymphatic system?,Red blood cells,Lymph nodes,Platelets,Hormones,b,B
The process of blood circulation from the heart to the lungs and back to the heart is called:,Systemic circulation,Pulmonary circulation,Coronary circulation,Portal circulation,b,B
Which of the following is a primary function of the integumentary system?,Support,Protection,Movement,Communication,b,B
The process of breaking down fats into fatty acids and glycerol is called:,Glycolysis,Proteolysis,Lipolysis,Amylolysis,c,C
Which of the following is the largest artery in the human body?,Pulmonary artery,Aorta,Carotid artery,Femoral artery,b,B
The process of maintaining a constant internal environment in the body is called:,Metabolism,Homeostasis,Catabolism,Anabolism,b,B
Which of the following is a primary function of the nervous system?,Support,Protection,Communication and control,Digestion,c,C
The functional unit of the liver is the:,Nephron,Alveolus,Hepatocyte,Neuron,c,C
Which of the following is a type of connective tissue that provides support and flexibility?,Bone,Blood,Cartilage,Adipose tissue,c,C
The process of breaking down food into smaller particles through chewing is called:,Peristalsis,Mastication,Deglutition,Segmentation,b,B
Which of the following is a primary male sex hormone?,Estrogen,Progesterone,Testosterone,Luteinizing hormone,c,C
The process of oxygen and carbon dioxide exchange between the blood and the body cells is called:,External respiration,Internal respiration,Ventilation,Pulmonary circulation,b,B
Which of the following is a major component of the appendicular skeleton?,Skull,Vertebral column,Pectoral girdle,Rib cage,c,C
The process of muscle relaxation requires the removal of which ion from the sarcoplasm?,Sodium,Potassium,Calcium,Chloride,c,C
Which of the following is the primary site of nutrient absorption in the digestive system?,Stomach,Large intestine,Small intestine,Esophagus,c,C
The process of producing red blood cells is called:,Hemostasis,Hematopoiesis,Hemolysis,Hemoglobinization,b,B
Which of the following is a major function of the skeletal system?,Movement,Protection of organs,Production of hormones,Digestion of food,b,B
The functional unit of the nervous system is the:,Nephron,Alveolus,Neuron,Sarcomere,c,C
Which endocrine gland produces hormones that regulate metabolism?,Adrenal gland,Pituitary gland,Thyroid gland,Pancreas,c,C
The process of muscle contraction is initiated by the release of which ion?,Sodium,Potassium,Calcium,Chloride,c,C
The transparent outer layer of the eye that helps to focus light is the:,Retina,Iris,Cornea,Lens,c,C
Which of the following is a primary lymphoid organ?,Spleen,Lymph nodes,Thymus,Tonsils,c,C
The process of converting glucose into energy in the presence of oxygen is called:,Anaerobic respiration,Photosynthesis,Cellular respiration,Fermentation,c,C
"Which part of the brain is responsible for higher-level thinking, memory, and language?",Cerebellum,Brainstem,Cerebrum,Thalamus,c,C
The primary function of the small intestine is:,Water absorption,Digestion and absorption of nutrients,Storage of waste products,Production of digestive enzymes,b,B
Which of the following is a component of the appendicular skeleton?,Skull,Vertebral column,Pelvic girdle,Rib cage,c,C
The process of blood clotting is primarily carried out by:,Red blood cells,White blood cells,Platelets,Plasma,c,C
Which of the following is a female reproductive organ?,Testis,Epididymis,Ovary,Vas deferens,c,C
The functional unit of muscle contraction is the:,Neuron,Nephron,Sarcomere,Alveolus,c,C
Which of the following is a type of joint that allows for a wide range of motion?,Suture,Hinge joint,Ball-and-socket joint,Immovable joint,c,C
The primary function of the respiratory system is:,Transport of nutrients,Gas exchange,Waste elimination,Hormone production,b,B
Which of the following is a major component of connective tissue?,Keratin,Collagen,Actin,Myosin,b,B
The process by which the body eliminates metabolic waste products is called:,Digestion,Absorption,Excretion,Respiration,c,C
Which of the following is the main organ of the circulatory system?,Lungs,Kidneys,Heart,Liver,c,C
The process of breaking down complex molecules into simpler ones is called:,Anabolism,Catabolism,Metabolism,Homeostasis,b,B
Which part of the brain controls voluntary movements?,Cerebellum,Brainstem,Cerebrum,Spinal cord,c,C
The primary function of the liver includes:,Producing insulin,Filtering blood and detoxifying chemicals,Storing urine,Pumping blood,b,B
Which of the following is a component of blood plasma?,Red blood cells,White blood cells,Platelets,Water,d,D
The process of producing new blood cells is called:,Hemostasis,Hematopoiesis,Hemolysis,Hemoglobinization,b,B
Which of the following is a major function of the integumentary system?,Support,Protection,Movement,Communication,b,B
The primary site of nutrient absorption in the digestive system is the:,Stomach,Large intestine,Small intestine,Esophagus,c,C
Which of the following is a type of cartilage found in the nose and ears?,Hyaline cartilage,Elastic cartilage,Fibrocartilage,Articular cartilage,b,B
The process of nerve impulse transmission across a synapse involves:,Hormones,Neurotransmitters,Enzymes,Antibodies,b,B
Which of the following is a primary sex organ in females?,Uterus,Vagina,Ovary,Fallopian tube,c,C
"The process of breathing, involving inhalation and exhalation, is called:",Respiration,Ventilation,Gas exchange,Cellular respiration,b,B
Which of the following is a type of bone cell responsible for breaking down bone tissue?,Osteoblast,Osteocyte,Osteoclast,Chondrocyte,c,C
The functional unit of the lung where gas exchange occurs is the:,Bronchiole,Trachea,Alveolus,Larynx,c,C
Which of the following is a component of the peripheral nervous system?,Brain,Spinal cord,Cranial nerves,Cerebellum,c,C
The primary function of the gall bladder is to:,Produce bile,Store bile,Digest fats,Absorb nutrients,b,B
Which of the following is a major artery that carries oxygenated blood to the lower body?,Carotid artery,Subclavian artery,Femoral artery,Brachial artery,c,C
The process of maintaining fluid and electrolyte balance in the body is primarily regulated by the:,Lungs,Heart,Kidneys,Liver,c,C
Which of the following is a type of joint that allows for movement in only one plane?,Ball-and-socket joint,Pivot joint,Hinge joint,Gliding joint,c,C
"The tough, protective membrane that surrounds the brain and spinal cord is called the:",Pericardium,Pleura,Meninges,Peritoneum,c,C
Which of the following is a primary function of the endocrine system?,Gas exchange,Hormone production and regulation,Waste elimination,Structural support,b,B
The process of breaking down food mechanically and chemically is called:,Absorption,Digestion,Metabolism,Excretion,b,B
Which of the following is a type of muscle tissue that is striated and voluntary?,Smooth muscle,Cardiac muscle,Skeletal muscle,Involuntary muscle,c,C
The primary function of the large intestine is to:,Absorb nutrients,Absorb water and electrolytes,Digest fats,Produce digestive enzymes,b,B
Which of the following is a component of the lymphatic system?,Spleen,Kidneys,Lungs,Heart,a,A
The process of converting light energy into electrical signals in the eye is carried out by the:,Cornea,Lens,Retina,Iris,c,C
Which of the following is a major vein that carries deoxygenated blood from the lower body to the heart?,Aorta,Pulmonary vein,Superior vena cava,Inferior vena cava,d,D
The primary function of the urinary system is to:,Produce hormones,Filter blood and produce urine,Digest food,Transport oxygen,b,B
Which of the following is a type of cell that transmits electrical signals in the nervous system?,Glial cell,Neuron,Osteocyte,Chondrocyte,b,B
The process of bone formation is called:,Osteoporosis,Ossification,Resorption,Calcification,b,B
Which of the following is the largest gland in the human body?,Pancreas,Thyroid gland,Liver,Adrenal gland,c,C
The process of maintaining the body's internal temperature within a narrow range is known as:,Homeostasis,Thermoregulation,Metabolism,Respiration,b,B
Which of the following is a primary function of the muscular system?,Support,Protection,Movement,Communication,c,C
The functional unit of the kidney responsible for filtering blood and forming urine is the:,Nephron,Glomerulus,Renal tubule,Bowman's capsule,a,A
Which of the following is a component of the central nervous system?,Spinal nerves,Cranial nerves,Brain,Autonomic nervous system,c,C
The process of breaking down carbohydrates into simpler sugars is called:,Proteolysis,Lipolysis,Glycolysis,Gluconeogenesis,c,C
Which of the following is a major artery that supplies blood to the brain?,Femoral artery,Brachial artery,Carotid artery,Radial artery,c,C
The primary function of the spleen is to:,Produce digestive enzymes,Filter blood and remove old red blood cells,Store bile,Produce hormones,b,B
Which of the following is a type of joint that allows for rotation?,Hinge joint,Ball-and-socket joint,Pivot joint,Gliding joint,c,C
The process of gas exchange between the blood and body cells is called:,External respiration,Internal respiration,Ventilation,Pulmonary circulation,b,B
Which of the following is a primary female sex hormone?,Testosterone,Estrogen,Progesterone,Both b and c,d,D
The process of urine formation begins with:,Tubular reabsorption,Glomerular filtration,Tubular secretion,Micturition,b,B
Which of the following is a major component of the axial skeleton?,Pelvic girdle,Pectoral girdle,Vertebral column,Upper limbs,c,C
The primary function of the small intestine is:,Water absorption,Digestion and absorption of nutrients,Storage of waste products,Production of digestive enzymes,b,B
Which of the following is a type of muscle tissue that is involuntary and found in the heart?,Skeletal muscle,Smooth muscle,Cardiac muscle,Voluntary muscle,c,C
"The part of the brain responsible for regulating sleep, appetite, and body temperature is the:",Cerebrum,Cerebellum,Hypothalamus,Brainstem,c,C
Which of the following is a major component of the lymphatic system?,Red blood cells,Lymph nodes,Platelets,Hormones,b,B
The process of blood circulation from the heart to the lungs and back to the heart is called:,Systemic circulation,Pulmonary circulation,Coronary circulation,Portal circulation,b,B
Which of the following is a primary function of the integumentary system?,Support,Protection,Movement,Communication,b,B
The process of breaking down fats into fatty acids and glycerol is called:,Glycolysis,Proteolysis,Lipolysis,Amylolysis,c,C
Which of the following is the largest artery in the human body?,Pulmonary artery,Aorta,Carotid artery,Femoral artery,b,B
The process of maintaining a constant internal environment in the body is called:,Metabolism,Homeostasis,Catabolism,Anabolism,b,B
Which of the following is a primary function of the nervous system?,Support,Protection,Communication and control,Digestion,c,C
The functional unit of the liver is the:,Nephron,Alveolus,Hepatocyte,Neuron,c,C
Which of the following is a type of connective tissue that provides support and flexibility?,Bone,Blood,Cartilage,Adipose tissue,c,C
The process of breaking down food into smaller particles through chewing is called:,Peristalsis,Mastication,Deglutition,Segmentation,b,B
Which of the following is a primary male sex hormone?,Estrogen,Progesterone,Testosterone,Luteinizing hormone,c,C
The process of oxygen and carbon dioxide exchange between the blood and the body cells is called:,External respiration,Internal respiration,Ventilation,Pulmonary circulation,b,B
Which of the following is a major component of the appendicular skeleton?,Skull,Vertebral column,Pectoral girdle,Rib cage,c,C
The process of muscle relaxation requires the removal of which ion from the sarcoplasm?,Sodium,Potassium,Calcium,Chloride,c,C
Which of the following is the primary site of nutrient absorption in the digestive system?,Stomach,Large intestine,Small intestine,Esophagus,c,C
The process of producing red blood cells is called:,Hemostasis,Hematopoiesis,Hemolysis,Hemoglobinization,b,B
Which of the following is a major function of the skeletal system?,Movement,Protection of organs,Production of hormones,Digestion of food,b,B
The functional unit of the nervous system is the:,Nephron,Alveolus,Neuron,Sarcomere,c,C
Which endocrine gland produces hormones that regulate metabolism?,Adrenal gland,Pituitary gland,Thyroid gland,Pancreas,c,C
The process of muscle contraction is initiated by the release of which ion?,Sodium,Potassium,Calcium,Chloride,c,C
The transparent outer layer of the eye that helps to focus light is the:,Retina,Iris,Cornea,Lens,c,C
Which of the following is a primary lymphoid organ?,Spleen,Lymph nodes,Thymus,Tonsils,c,C
The process of converting glucose into energy in the presence of oxygen is called:,Anaerobic respiration,Photosynthesis,Cellular respiration,Fermentation,c,C
"Which part of the brain is responsible for higher-level thinking, memory, and language?",Cerebellum,Brainstem,Cerebrum,Thalamus,c,C
The primary function of the small intestine is:,Water absorption,Digestion and absorption of nutrients,Storage of waste products,Production of digestive enzymes,b,B
Which of the following is a component of the appendicular skeleton?,Skull,Vertebral column,Pelvic girdle,Rib cage,c,C
The process of blood clotting is primarily carried out by:,Red blood cells,White blood cells,Platelets,Plasma,c,C
Which of the following is a female reproductive organ?,Testis,Epididymis,Ovary,Vas deferens,c,C
The functional unit of muscle contraction is the:,Neuron,Nephron,Sarcomere,Alveolus,c,C
Which of the following is a type of joint that allows for a wide range of motion?,Suture,Hinge joint,Ball-and-socket joint,Immovable joint,c,C
The primary function of the respiratory system is:,Transport of nutrients,Gas exchange,Waste elimination,Hormone production,b,B
Which of the following is a major component of connective tissue?,Keratin,Collagen,Actin,Myosin,b,B
The process by which the body eliminates metabolic waste products is called:,Digestion,Absorption,Excretion,Respiration,c,C
Which of the following is the main organ of the circulatory system?,Lungs,Kidneys,Heart,Liver,c,C
The process of breaking down complex molecules into simpler ones is called:,Anabolism,Catabolism,Metabolism,Homeostasis,b,B
Which part of the brain controls voluntary movements?,Cerebellum,Brainstem,Cerebrum,Spinal cord,c,C
The primary function of the liver includes:,Producing insulin,Filtering blood and detoxifying chemicals,Storing urine,Pumping blood,b,B
Which of the following is a component of blood plasma?,Red blood cells,White blood cells,Platelets,Water,d,D
The process of producing new blood cells is called:,Hemostasis,Hematopoiesis,Hemolysis,Hemoglobinization,b,B
Which of the following is a major function of the integumentary system?,Support,Protection,Movement,Communication,b,B
The primary site of nutrient absorption in the digestive system is the:,Stomach,Large intestine,Small intestine,Esophagus,c,C
Which of the following is a type of cartilage found in the nose and ears?,Hyaline cartilage,Elastic cartilage,Fibrocartilage,Articular cartilage,b,B
The process of nerve impulse transmission across a synapse involves:,Hormones,Neurotransmitters,Enzymes,Antibodies,b,B
Which of the following is a primary sex organ in females?,Uterus,Vagina,Ovary,Fallopian tube,c,C
"The process of breathing, involving inhalation and exhalation, is called:",Respiration,Ventilation,Gas exchange,Cellular respiration,b,B
Which of the following is a type of bone cell responsible for breaking down bone tissue?,Osteoblast,Osteocyte,Osteoclast,Chondrocyte,c,C
The functional unit of the lung where gas exchange occurs is the:,Bronchiole,Trachea,Alveolus,Larynx,c,C
Which of the following is a component of the peripheral nervous system?,Brain,Spinal cord,Cranial nerves,Cerebellum,c,C
The primary function of the gall bladder is to:,Produce bile,Store bile,Digest fats,Absorb nutrients,b,B
Which of the following is a major artery that carries oxygenated blood to the lower body?,Carotid artery,Subclavian artery,Femoral artery,Brachial artery,c,C
The process of maintaining fluid and electrolyte balance in the body is primarily regulated by the:,Lungs,Heart,Kidneys,Liver,c,C
Which of the following is a type of joint that allows for movement in only one plane?,Ball-and-socket joint,Pivot joint,Hinge joint,Gliding joint,c,C
"The tough, protective membrane that surrounds the brain and spinal cord is called the:",Pericardium,Pleura,Meninges,Peritoneum,c,C
Which of the following is a primary function of the endocrine system?,Gas exchange,Hormone production and regulation,Waste elimination,Structural support,b,B
The process of breaking down food mechanically and chemically is called:,Absorption,Digestion,Metabolism,Excretion,b,B
Which of the following is a type of muscle tissue that is striated and voluntary?,Smooth muscle,Cardiac muscle,Skeletal muscle,Involuntary muscle,c,C
The primary function of the large intestine is to:,Absorb nutrients,Absorb water and electrolytes,Digest fats,Produce digestive enzymes,b,B
Which of the following is a component of the lymphatic system?,Spleen,Kidneys,Lungs,Heart,a,A
The process of converting light energy into electrical signals in the eye is carried out by the:,Cornea,Lens,Retina,Iris,c,C
Which of the following is a major vein that carries deoxygenated blood from the lower body to the heart?,Aorta,Pulmonary vein,Superior vena cava,Inferior vena cava,d,D
The primary function of the urinary system is to:,Produce hormones,Filter blood and produce urine,Digest food,Transport oxygen,b,B
Which of the following is a type of cell that transmits electrical signals in the nervous system?,Glial cell,Neuron,Osteocyte,Chondrocyte,b,B
The process of bone formation is called:,Osteoporosis,Ossification,Resorption,Calcification,b,B
Which of the following is the largest gland in the human body?,Pancreas,Thyroid gland,Liver,Adrenal gland,c,C
The process of maintaining the body's internal temperature within a narrow range is known as:,Homeostasis,Thermoregulation,Metabolism,Respiration,b,B
Which of the following is a primary function of the muscular system?,Support,Protection,Movement,Communication,c,C
The functional unit of the kidney responsible for filtering blood and forming urine is the:,Nephron,Glomerulus,Renal tubule,Bowman's capsule,a,A
Which of the following is a component of the central nervous system?,Spinal nerves,Cranial nerves,Brain,Autonomic nervous system,c,C
The process of breaking down carbohydrates into simpler sugars is called:,Proteolysis,Lipolysis,Glycolysis,Gluconeogenesis,c,C
Which of the following is a major artery that supplies blood to the brain?,Femoral artery,Brachial artery,Carotid artery,Radial artery,c,C
The primary function of the spleen is to:,Produce digestive enzymes,Filter blood and remove old red blood cells,Store bile,Produce hormones,b,B
Which of the following is a type of joint that allows for rotation?,Hinge joint,Ball-and-socket joint,Pivot joint,Gliding joint,c,C
The process of gas exchange between the blood and body cells is called:,External respiration,Internal respiration,Ventilation,Pulmonary circulation,b,B
Which of the following is a primary female sex hormone?,Testosterone,Estrogen,Progesterone,Both b and c,d,D
The process of urine formation begins with:,Tubular reabsorption,Glomerular filtration,Tubular secretion,Micturition,b,B
Which of the following is a major component of the axial skeleton?,Pelvic girdle,Pectoral girdle,Vertebral column,Upper limbs,c,C
The primary function of the small intestine is:,Water absorption,Digestion and absorption of nutrients,Storage of waste products,Production of digestive enzymes,b,B
Which of the following is a type of muscle tissue that is involuntary and found in the heart?,Skeletal muscle,Smooth muscle,Cardiac muscle,Voluntary muscle,c,C
"The part of the brain responsible for regulating sleep, appetite, and body temperature is the:",Cerebrum,Cerebellum,Hypothalamus,Brainstem,c,C
Which of the following is a major component of the lymphatic system?,Red blood cells,Lymph nodes,Platelets,Hormones,b,B
The process of blood circulation from the heart to the lungs and back to the heart is called:,Systemic circulation,Pulmonary circulation,Coronary circulation,Portal circulation,b,B
Which of the following is a primary function of the integumentary system?,Support,Protection,Movement,Communication,b,B
The process of breaking down fats into fatty acids and glycerol is called:,Glycolysis,Proteolysis,Lipolysis,Amylolysis,c,C
Which of the following is the largest artery in the human body?,Pulmonary artery,Aorta,Carotid artery,Femoral artery,b,B
The process of maintaining a constant internal environment in the body is called:,Metabolism,Homeostasis,Catabolism,Anabolism,b,B
Which of the following is a primary function of the nervous system?,Support,Protection,Communication and control,Digestion,c,C
The functional unit of the liver is the:,Nephron,Alveolus,Hepatocyte,Neuron,c,C
Which of the following is a type of connective tissue that provides support and flexibility?,Bone,Blood,Cartilage,Adipose tissue,c,C
The process of breaking down food into smaller particles through chewing is called:,Peristalsis,Mastication,Deglutition,Segmentation,b,B
Which of the following is a primary male sex hormone?,Estrogen,Progesterone,Testosterone,Luteinizing hormone,c,C
The process of oxygen and carbon dioxide exchange between the blood and the body cells is called:,External respiration,Internal respiration,Ventilation,Pulmonary circulation,b,B
Which of the following is a major component of the appendicular skeleton?,Skull,Vertebral column,Pectoral girdle,Rib cage,c,C
The process of muscle relaxation requires the removal of which ion from the sarcoplasm?,Sodium,Potassium,Calcium,Chloride,c,C
Which of the following is the primary site of nutrient absorption in the digestive system?,Stomach,Large intestine,Small intestine,Esophagus,c,C
The process of producing red blood cells is called:,Hemostasis,Hematopoiesis,Hemolysis,Hemoglobinization,b,B
Which of the following is a major function of the skeletal system?,Movement,Protection of organs,Production of hormones,Digestion of food,b,B
The functional unit of the nervous system is the:,Nephron,Alveolus,Neuron,Sarcomere,c,C
Which endocrine gland produces hormones that regulate metabolism?,Adrenal gland,Pituitary gland,Thyroid gland,Pancreas,c,C
The process of muscle contraction is initiated by the release of which ion?,Sodium,Potassium,Calcium,Chloride,c,C
The transparent outer layer of the eye that helps to focus light is the:,Retina,Iris,Cornea,Lens,c,C
Which of the following is a primary lymphoid organ?,Spleen,Lymph nodes,Thymus,Tonsils,c,C
The process of converting glucose into energy in the presence of oxygen is called:,Anaerobic respiration,Photosynthesis,Cellular respiration,Fermentation,c,C
"Which part of the brain is responsible for higher-level thinking, memory, and language?",Cerebellum,Brainstem,Cerebrum,Thalamus,c,C
The primary function of the small intestine is:,Water absorption,Digestion and absorption of nutrients,Storage of waste products,Production of digestive enzymes,b,B
Which of the following is a component of the appendicular skeleton?,Skull,Vertebral column,Pelvic girdle,Rib cage,c,C
The process of blood clotting is primarily carried out by:,Red blood cells,White blood cells,Platelets,Plasma,c,C
Which of the following is a female reproductive organ?,Testis,Epididymis,Ovary,Vas deferens,c,C
The functional unit of muscle contraction is the:,Neuron,Nephron,Sarcomere,Alveolus,c,C
Which of the following is a type of joint that allows for a wide range of motion?,Suture,Hinge joint,Ball-and-socket joint,Immovable joint,c,C
The primary function of the respiratory system is:,Transport of nutrients,Gas exchange,Waste elimination,Hormone production,b,B
Which of the following is a major component of connective tissue?,Keratin,Collagen,Actin,Myosin,b,B
The process by which the body eliminates metabolic waste products is called:,Digestion,Absorption,Excretion,Respiration,c,C
Which of the following is the main organ of the circulatory system?,Lungs,Kidneys,Heart,Liver,c,C
The process of breaking down complex molecules into simpler ones is called:,Anabolism,Catabolism,Metabolism,Homeostasis,b,B
Which part of the brain controls voluntary movements?,Cerebellum,Brainstem,Cerebrum,Spinal cord,c,C
The primary function of the liver includes:,Producing insulin,Filtering blood and detoxifying chemicals,Storing urine,Pumping blood,b,B
Which of the following is a component of blood plasma?,Red blood cells,White blood cells,Platelets,Water,d,D
The process of producing new blood cells is called:,Hemostasis,Hematopoiesis,Hemolysis,Hemoglobinization,b,B
Which of the following is a major function of the integumentary system?,Support,Protection,Movement,Communication,b,B
The primary site of nutrient absorption in the digestive system is the:,Stomach,Large intestine,Small intestine,Esophagus,c,C
Which of the following is a type of cartilage found in the nose and ears?,Hyaline cartilage,Elastic cartilage,Fibrocartilage,Articular cartilage,b,B
The process of nerve impulse transmission across a synapse involves:,Hormones,Neurotransmitters,Enzymes,Antibodies,b,B
Which of the following is a primary sex organ in females?,Uterus,Vagina,Ovary,Fallopian tube,c,C
"The process of breathing, involving inhalation and exhalation, is called:",Respiration,Ventilation,Gas exchange,Cellular respiration,b,B
Which of the following is a type of bone cell responsible for breaking down bone tissue?,Osteoblast,Osteocyte,Osteoclast,Chondrocyte,c,C
The functional unit of the lung where gas exchange occurs is the:,Bronchiole,Trachea,Alveolus,Larynx,c,C
Which of the following is a component of the peripheral nervous system?,Brain,Spinal cord,Cranial nerves,Cerebellum,c,C
The primary function of the gall bladder is to:,Produce bile,Store bile,Digest fats,Absorb nutrients,b,B
Which of the following is a major artery that carries oxygenated blood to the lower body?,Carotid artery,Subclavian artery,Femoral artery,Brachial artery,c,C
The process of maintaining fluid and electrolyte balance in the body is primarily regulated by the:,Lungs,Heart,Kidneys,Liver,c,C
Which of the following is a type of joint that allows for movement in only one plane?,Ball-and-socket joint,Pivot joint,Hinge joint,Gliding joint,c,C
"The tough, protective membrane that surrounds the brain and spinal cord is called the:",Pericardium,Pleura,Meninges,Peritoneum,c,C
Which of the following is a primary function of the endocrine system?,Gas exchange,Hormone production and regulation,Waste elimination,Structural support,b,B
The process of breaking down food mechanically and chemically is called:,Absorption,Digestion,Metabolism,Excretion,b,B
Which of the following is a type of muscle tissue that is striated and voluntary?,Smooth muscle,Cardiac muscle,Skeletal muscle,Involuntary muscle,c,C
The primary function of the large intestine is to:,Absorb nutrients,Absorb water and electrolytes,Digest fats,Produce digestive enzymes,b,B
Which of the following is a component of the lymphatic system?,Spleen,Kidneys,Lungs,Heart,a,A
The process of converting light energy into electrical signals in the eye is carried out by the:,Cornea,Lens,Retina,Iris,c,C
Which of the following is a major vein that carries deoxygenated blood from the lower body to the heart?,Aorta,Pulmonary vein,Superior vena cava,Inferior vena cava,d,D
The primary function of the urinary system is to:,Produce hormones,Filter blood and produce urine,Digest food,Transport oxygen,b,B
Which of the following is a type of cell that transmits electrical signals in the nervous system?,Glial cell,Neuron,Osteocyte,Chondrocyte,b,B
The process of bone formation is called:,Osteoporosis,Ossification,Resorption,Calcification,b,B
Which of the following is the largest gland in the human body?,Pancreas,Thyroid gland,Liver,Adrenal gland,c,C
The process of maintaining the body's internal temperature within a narrow range is known as:,Homeostasis,Thermoregulation,Metabolism,Respiration,b,B
Which of the following is a primary function of the muscular system?,Support,Protection,Movement,Communication,c,C
The functional unit of the kidney responsible for filtering blood and forming urine is the:,Nephron,Glomerulus,Renal tubule,Bowman's capsule,a,A
Which of the following is a component of the central nervous system?,Spinal nerves,Cranial nerves,Brain,Autonomic nervous system,c,C
The process of breaking down carbohydrates into simpler sugars is called:,Proteolysis,Lipolysis,Glycolysis,Gluconeogenesis,c,C
Which of the following is a major artery that supplies blood to the brain?,Femoral artery,Brachial artery,Carotid artery,Radial artery,c,C
The primary function of the spleen is to:,Produce digestive enzymes,Filter blood and remove old red blood cells,Store bile,Produce hormones,b,B
Which of the following is a type of joint that allows for rotation?,Hinge joint,Ball-and-socket joint,Pivot joint,Gliding joint,c,C
The process of gas exchange between the blood and body cells is called:,External respiration,Internal respiration,Ventilation,Pulmonary circulation,b,B
Which of the following is a primary female sex hormone?,Testosterone,Estrogen,Progesterone,Both b and c,d,D
The process of urine formation begins with:,Tubular reabsorption,Glomerular filtration,Tubular secretion,Micturition,b,B
Which of the following is a major component of the axial skeleton?,Pelvic girdle,Pectoral girdle,Vertebral column,Upper limbs,c,C
The primary function of the small intestine is:,Water absorption,Digestion and absorption of nutrients,Storage of waste products,Production of digestive enzymes,b,B
Which of the following is a type of muscle tissue that is involuntary and found in the heart?,Skeletal muscle,Smooth muscle,Cardiac muscle,Voluntary muscle,c,C
"The part of the brain responsible for regulating sleep, appetite, and body temperature is the:",Cerebrum,Cerebellum,Hypothalamus,Brainstem,c,C
Which of the following is a major component of the lymphatic system?,Red blood cells,Lymph nodes,Platelets,Hormones,b,B
The process of blood circulation from the heart to the lungs and back to the heart is called:,Systemic circulation,Pulmonary circulation,Coronary circulation,Portal circulation,b,B
Which of the following is a primary function of the integumentary system?,Support,Protection,Movement,Communication,b,B
The process of breaking down fats into fatty acids and glycerol is called:,Glycolysis,Proteolysis,Lipolysis,Amylolysis,c,C
Which of the following is the largest artery in the human body?,Pulmonary artery,Aorta,Carotid artery,Femoral artery,b,B
The process of maintaining a constant internal environment in the body is called:,Metabolism,Homeostasis,Catabolism,Anabolism,b,B
Which of the following is a primary function of the nervous system?,Support,Protection,Communication and control,Digestion,c,C
The functional unit of the liver is the:,Nephron,Alveolus,Hepatocyte,Neuron,c,C
Which of the following is a type of connective tissue that provides support and flexibility?,Bone,Blood,Cartilage,Adipose tissue,c,C
The process of breaking down food into smaller particles through chewing is called:,Peristalsis,Mastication,Deglutition,Segmentation,b,B
Which of the following is a primary male sex hormone?,Estrogen,Progesterone,Testosterone,Luteinizing hormone,c,C
The process of oxygen and carbon dioxide exchange between the blood and the body cells is called:,External respiration,Internal respiration,Ventilation,Pulmonary circulation,b,B
Which of the following is a major component of the appendicular skeleton?,Skull,Vertebral column,Pectoral girdle,Rib cage,c,C
The process of muscle relaxation requires the removal of which ion from the sarcoplasm?,Sodium,Potassium,Calcium,Chloride,c,C
Which of the following is the primary site of nutrient absorption in the digestive system?,Stomach,Large intestine,Small intestine,Esophagus,c,C
The process of producing red blood cells is called:,Hemostasis,Hematopoiesis,Hemolysis,Hemoglobinization,b,B
Which of the following is a major function of the skeletal system?,Movement,Protection of organs,Production of hormones,Digestion of food,b,B
The functional unit of the nervous system is the:,Nephron,Alveolus,Neuron,Sarcomere,c,C
Which endocrine gland produces hormones that regulate metabolism?,Adrenal gland,Pituitary gland,Thyroid gland,Pancreas,c,C
The process of muscle contraction is initiated by the release of which ion?,Sodium,Potassium,Calcium,Chloride,c,C
The transparent outer layer of the eye that helps to focus light is the:,Retina,Iris,Cornea,Lens,c,C
Which of the following is a primary lymphoid organ?,Spleen,Lymph nodes,Thymus,Tonsils,c,C
The process of converting glucose into energy in the presence of oxygen is called:,Anaerobic respiration,Photosynthesis,Cellular respiration,Fermentation,c,C
"Which part of the brain is responsible for higher-level thinking, memory, and language?",Cerebellum,Brainstem,Cerebrum,Thalamus,c,C
The primary function of the small intestine is:,Water absorption,Digestion and absorption of nutrients,Storage of waste products,Production of digestive enzymes,b,B
Which of the following is a component of the appendicular skeleton?,Skull,Vertebral column,Pelvic girdle,Rib cage,c,C
The process of blood clotting is primarily carried out by:,Red blood cells,White blood cells,Platelets,Plasma,c,C
Which of the following is a female reproductive organ?,Testis,Epididymis,Ovary,Vas deferens,c,C
The functional unit of muscle contraction is the:,Neuron,Nephron,Sarcomere,Alveolus,c,C
Which of the following is a type of joint that allows for a wide range of motion?,Suture,Hinge joint,Ball-and-socket joint,Immovable joint,c,C
The primary function of the respiratory system is:,Transport of nutrients,Gas exchange,Waste elimination,Hormone production,b,B
Which of the following is a major component of connective tissue?,Keratin,Collagen,Actin,Myosin,b,B
The process by which the body eliminates metabolic waste products is called:,Digestion,Absorption,Excretion,Respiration,c,C
Which of the following is the main organ of the circulatory system?,Lungs,Kidneys,Heart,Liver,c,C
The process of breaking down complex molecules into simpler ones is called:,Anabolism,Catabolism,Metabolism,Homeostasis,b,B
Which part of the brain controls voluntary movements?,Cerebellum,Brainstem,Cerebrum,Spinal cord,c,C
The primary function of the liver includes:,Producing insulin,Filtering blood and detoxifying chemicals,Storing urine,Pumping blood,b,B
Which of the following is a component of blood plasma?,Red blood cells,White blood cells,Platelets,Water,d,D
The process of producing new blood cells is called:,Hemostasis,Hematopoiesis,Hemolysis,Hemoglobinization,b,B
Which of the following is a major function of the integumentary system?,Support,Protection,Movement,Communication,b,B
The primary site of nutrient absorption in the digestive system is the:,Stomach,Large intestine,Small intestine,Esophagus,c,C
Which of the following is a type of cartilage found in the nose and ears?,Hyaline cartilage,Elastic cartilage,Fibrocartilage,Articular cartilage,b,B
The process of nerve impulse transmission across a synapse involves:,Hormones,Neurotransmitters,Enzymes,Antibodies,b,B
Which of the following is a primary sex organ in females?,Uterus,Vagina,Ovary,Fallopian tube,c,C
"The process of breathing, involving inhalation and exhalation, is called:",Respiration,Ventilation,Gas exchange,Cellular respiration,b,B
Which of the following is a type of bone cell responsible for breaking down bone tissue?,Osteoblast,Osteocyte,Osteoclast,Chondrocyte,c,C
The functional unit of the lung where gas exchange occurs is the:,Bronchiole,Trachea,Alveolus,Larynx,c,C
Which of the following is a component of the peripheral nervous system?,Brain,Spinal cord,Cranial nerves,Cerebellum,c,C
The primary function of the gall bladder is to:,Produce bile,Store bile,Digest fats,Absorb nutrients,b,B
Which of the following is a major artery that carries oxygenated blood to the lower body?,Carotid artery,Subclavian artery,Femoral artery,Brachial artery,c,C
The process of maintaining fluid and electrolyte balance in the body is primarily regulated by the:,Lungs,Heart,Kidneys,Liver,c,C
Which of the following is a type of joint that allows for movement in only one plane?,Ball-and-socket joint,Pivot joint,Hinge joint,Gliding joint,c,C
"The tough, protective membrane that surrounds the brain and spinal cord is called the:",Pericardium,Pleura,Meninges,Peritoneum,c,C
Which of the following is a primary function of the endocrine system?,Gas exchange,Hormone production and regulation,Waste elimination,Structural support,b,B
The process of breaking down food mechanically and chemically is called:,Absorption,Digestion,Metabolism,Excretion,b,B
Which of the following is a type of muscle tissue that is striated and voluntary?,Smooth muscle,Cardiac muscle,Skeletal muscle,Involuntary muscle,c,C
The primary function of the large intestine is to:,Absorb nutrients,Absorb water and electrolytes,Digest fats,Produce digestive enzymes,b,B
Which of the following is a component of the lymphatic system?,Spleen,Kidneys,Lungs,Heart,a,A
The process of converting light energy into electrical signals in the eye is carried out by the:,Cornea,Lens,Retina,Iris,c,C
Which of the following is a major vein that carries deoxygenated blood from the lower body to the heart?,Aorta,Pulmonary vein,Superior vena cava,Inferior vena cava,d,D
The primary function of the urinary system is to:,Produce hormones,Filter blood and produce urine,Digest food,Transport oxygen,b,B
Which of the following is a type of cell that transmits electrical signals in the nervous system?,Glial cell,Neuron,Osteocyte,Chondrocyte,b,B
The process of bone formation is called:,Osteoporosis,Ossification,Resorption,Calcification,b,B
Which of the following is the largest gland in the human body?,Pancreas,Thyroid gland,Liver,Adrenal gland,c,C
The process of maintaining the body's internal temperature within a narrow range is known as:,Homeostasis,Thermoregulation,Metabolism,Respiration,b,B
Which of the following is a primary function of the muscular system?,Support,Protection,Movement,Communication,c,C
The functional unit of the kidney responsible for filtering blood and forming urine is the:,Nephron,Glomerulus,Renal tubule,Bowman's capsule,a,A
Which of the following is a component of the central nervous system?,Spinal nerves,Cranial nerves,Brain,Autonomic nervous system,c,C
The process of breaking down carbohydrates into simpler sugars is called:,Proteolysis,Lipolysis,Glycolysis,Gluconeogenesis,c,C
Which of the following is a major artery that supplies blood to the brain?,Femoral artery,Brachial artery,Carotid artery,Radial artery,c,C
The primary function of the spleen is to:,Produce digestive enzymes,Filter blood and remove old red blood cells,Store bile,Produce hormones,b,B
Which of the following is a type of joint that allows for rotation?,Hinge joint,Ball-and-socket joint,Pivot joint,Gliding joint,c,C
The process of gas exchange between the blood and body cells is called:,External respiration,Internal respiration,Ventilation,Pulmonary circulation,b,B
Which of the following is a primary female sex hormone?,Testosterone,Estrogen,Progesterone,Both b and c,d,D
The process of urine formation begins with:,Tubular reabsorption,Glomerular filtration,Tubular secretion,Micturition,b,B
Which of the following is a major component of the axial skeleton?,Pelvic girdle,Pectoral girdle,Vertebral column,Upper limbs,c,C
The primary function of the small intestine is:,Water absorption,Digestion and absorption of nutrients,Storage of waste products,Production of digestive enzymes,b,B
Which of the following is a type of muscle tissue that is involuntary and found in the heart?,Skeletal muscle,Smooth muscle,Cardiac muscle,Voluntary muscle,c,C
"The part of the brain responsible for regulating sleep, appetite, and body temperature is the:",Cerebrum,Cerebellum,Hypothalamus,Brainstem,c,C
Which of the following is a major component of the lymphatic system?,Red blood cells,Lymph nodes,Platelets,Hormones,b,B
The process of blood circulation from the heart to the lungs and back to the heart is called:,Systemic circulation,Pulmonary circulation,Coronary circulation,Portal circulation,b,B
Which of the following is a primary function of the integumentary system?,Support,Protection,Movement,Communication,b,B
The process of breaking down fats into fatty acids and glycerol is called:,Glycolysis,Proteolysis,Lipolysis,Amylolysis,c,C
Which of the following is the largest artery in the human body?,Pulmonary artery,Aorta,Carotid artery,Femoral artery,b,B
The process of maintaining a constant internal environment in the body is called:,Metabolism,Homeostasis,Catabolism,Anabolism,b,B
Which of the following is a primary function of the nervous system?,Support,Protection,Communication and control,Digestion,c,C
The functional unit of the liver is the:,Nephron,Alveolus,Hepatocyte,Neuron,c,C
Which of the following is a type of connective tissue that provides support and flexibility?,Bone,Blood,Cartilage,Adipose tissue,c,C
The process of breaking down food into smaller particles through chewing is called:,Peristalsis,Mastication,Deglutition,Segmentation,b,B
Which of the following is a primary male sex hormone?,Estrogen,Progesterone,Testosterone,Luteinizing hormone,c,C
The process of oxygen and carbon dioxide exchange between the blood and the body cells is called:,External respiration,Internal respiration,Ventilation,Pulmonary circulation,b,B
Which of the following is a major component of the appendicular skeleton?,Skull,Vertebral column,Pectoral girdle,Rib cage,c,C
The process of muscle relaxation requires the removal of which ion from the sarcoplasm?,Sodium,Potassium,Calcium,Chloride,c,C
Which of the following is the primary site of nutrient absorption in the digestive system?,Stomach,Large intestine,Small intestine,Esophagus,c,C
The process of producing red blood cells is called:,Hemostasis,Hematopoiesis,Hemolysis,Hemoglobinization,b,B
Which of the following is a major function of the skeletal system?,Movement,Protection of organs,Production of hormones,Digestion of food,b,B
The functional unit of the nervous system is the:,Nephron,Alveolus,Neuron,Sarcomere,c,C
Which endocrine gland produces hormones that regulate metabolism?,Adrenal gland,Pituitary gland,Thyroid gland,Pancreas,c,C
The process of muscle contraction is initiated by the release of which ion?,Sodium,Potassium,Calcium,Chloride,c,C
The transparent outer layer of the eye that helps to focus light is the:,Retina,Iris,Cornea,Lens,c,C
Which of the following is a primary lymphoid organ?,Spleen,Lymph nodes,Thymus,Tonsils,c,C
The process of converting glucose into energy in the presence of oxygen is called:,Anaerobic respiration,Photosynthesis,Cellular respiration,Fermentation,c,C
"Which part of the brain is responsible for higher-level thinking, memory, and language?",Cerebellum,Brainstem,Cerebrum,Thalamus,c,C
The primary function of the small intestine is:,Water absorption,Digestion and absorption of nutrients,Storage of waste products,Production of digestive enzymes,b,B
Which of the following is a component of the appendicular skeleton?,Skull,Vertebral column,Pelvic girdle,Rib cage,c,C
The process of blood clotting is primarily carried out by:,Red blood cells,White blood cells,Platelets,Plasma,c,C
Which of the following is a female reproductive organ?,Testis,Epididymis,Ovary,Vas deferens,c,C
The functional unit of muscle contraction is the:,Neuron,Nephron,Sarcomere,Alveolus,c,C
Which of the following is a type of joint that allows for a wide range of motion?,Suture,Hinge joint,Ball-and-socket joint,Immovable joint,c,C
The primary function of the respiratory system is:,Transport of nutrients,Gas exchange,Waste elimination,Hormone production,b,B
Which of the following is a major component of connective tissue?,Keratin,Collagen,Actin,Myosin,b,B
The process by which the body eliminates metabolic waste products is called:,Digestion,Absorption,Excretion,Respiration,c,C
Which of the following is the main organ of the circulatory system?,Lungs,Kidneys,Heart,Liver,c,C
The process of breaking down complex molecules into simpler ones is called:,Anabolism,Catabolism,Metabolism,Homeostasis,b,B
Which part of the brain controls voluntary movements?,Cerebellum,Brainstem,Cerebrum,Spinal cord,c,C
The primary function of the liver includes:,Producing insulin,Filtering blood and detoxifying chemicals,Storing urine,Pumping blood,b,B
Which of the following is a component of blood plasma?,Red blood cells,White blood cells,Platelets,Water,d,D
The process of producing new blood cells is called:,Hemostasis,Hematopoiesis,Hemolysis,Hemoglobinization,b,B
Which of the following is a major function of the integumentary system?,Support,Protection,Movement,Communication,b,B
The primary site of nutrient absorption in the digestive system is the:,Stomach,Large intestine,Small intestine,Esophagus,c,C
Which of the following is a type of cartilage found in the nose and ears?,Hyaline cartilage,Elastic cartilage,Fibrocartilage,Articular cartilage,b,B
The process of nerve impulse transmission across a synapse involves:,Hormones,Neurotransmitters,Enzymes,Antibodies,b,B
Which of the following is a primary sex organ in females?,Uterus,Vagina,Ovary,Fallopian tube,c,C
"The process of breathing, involving inhalation and exhalation, is called:",Respiration,Ventilation,Gas exchange,Cellular respiration,b,B
Which of the following is a type of bone cell responsible for breaking down bone tissue?,Osteoblast,Osteocyte,Osteoclast,Chondrocyte,c,C
The functional unit of the lung where gas exchange occurs is the:,Bronchiole,Trachea,Alveolus,Larynx,c,C
Which of the following is a component of the peripheral nervous system?,Brain,Spinal cord,Cranial nerves,Cerebellum,c,C
The primary function of the gall bladder is to:,Produce bile,Store bile,Digest fats,Absorb nutrients,b,B
Which of the following is a major artery that carries oxygenated blood to the lower body?,Carotid artery,Subclavian artery,Femoral artery,Brachial artery,c,C
The process of maintaining fluid and electrolyte balance in the body is primarily regulated by the:,Lungs,Heart,Kidneys,Liver,c,C
Which of the following is a type of joint that allows for movement in only one plane?,Ball-and-socket joint,Pivot joint,Hinge joint,Gliding joint,c,C
"The tough, protective membrane that surrounds the brain and spinal cord is called the:",Pericardium,Pleura,Meninges,Peritoneum,c,C
Which of the following is a primary function of the endocrine system?,Gas exchange,Hormone production and regulation,Waste elimination,Structural support,b,B
The process of breaking down food mechanically and chemically is called:,Absorption,Digestion,Metabolism,Excretion,b,B
Which of the following is a type of muscle tissue that is striated and voluntary?,Smooth muscle,Cardiac muscle,Skeletal muscle,Involuntary muscle,c,C
The primary function of the large intestine is to:,Absorb nutrients,Absorb water and electrolytes,Digest fats,Produce digestive enzymes,b,B
Which of the following is a component of the lymphatic system?,Spleen,Kidneys,Lungs,Heart,a,A
The process of converting light energy into electrical signals in the eye is carried out by the:,Cornea,Lens,Retina,Iris,c,C
Which of the following is a major vein that carries deoxygenated blood from the lower body to the heart?,Aorta,Pulmonary vein,Superior vena cava,Inferior vena cava,d,D
The primary function of the urinary system is to:,Produce hormones,Filter blood and produce urine,Digest food,Transport oxygen,b,B
Which of the following is a type of cell that transmits electrical signals in the nervous system?,Glial cell,Neuron,Osteocyte,Chondrocyte,b,B
The process of bone formation is called:,Osteoporosis,Ossification,Resorption,Calcification,b,B
Which of the following is the largest gland in the human body?,Pancreas,Thyroid gland,Liver,Adrenal gland,c,C
The process of maintaining the body's internal temperature within a narrow range is known as:,Homeostasis,Thermoregulation,Metabolism,Respiration,b,B
Which of the following is a primary function of the muscular system?,Support,Protection,Movement,Communication,c,C
The functional unit of the kidney responsible for filtering blood and forming urine is the:,Nephron,Glomerulus,Renal tubule,Bowman's capsule,a,A
Which of the following is a component of the central nervous system?,Spinal nerves,Cranial nerves,Brain,Autonomic nervous system,c,C
The process of breaking down carbohydrates into simpler sugars is called:,Proteolysis,Lipolysis,Glycolysis,Gluconeogenesis,c,C
Which of the following is a major artery that supplies blood to the brain?,Femoral artery,Brachial artery,Carotid artery,Radial artery,c,C
The primary function of the spleen is to:,Produce digestive enzymes,Filter blood and remove old red blood cells,Store bile,Produce hormones,b,B
Which of the following is a type of joint that allows for rotation?,Hinge joint,Ball-and-socket joint,Pivot joint,Gliding joint,c,C
The process of gas exchange between the blood and body cells is called:,External respiration,Internal respiration,Ventilation,Pulmonary circulation,b,B
Which of the following is a primary female sex hormone?,Testosterone,Estrogen,Progesterone,Both b and c,d,D
The process of urine formation begins with:,Tubular reabsorption,Glomerular filtration,Tubular secretion,Micturition,b,B
Which of the following is a major component of the axial skeleton?,Pelvic girdle,Pectoral girdle,Vertebral column,Upper limbs,c,C
The primary function of the small intestine is:,Water absorption,Digestion and absorption of nutrients,Storage of waste products,Production of digestive enzymes,b,B
Which of the following is a type of muscle tissue that is involuntary and found in the heart?,Skeletal muscle,Smooth muscle,Cardiac muscle,Voluntary muscle,c,C
"The part of the brain responsible for regulating sleep, appetite, and body temperature is the:",Cerebrum,Cerebellum,Hypothalamus,Brainstem,c,C
Which of the following is a major component of the lymphatic system?,Red blood cells,Lymph nodes,Platelets,Hormones,b,B
The process of blood circulation from the heart to the lungs and back to the heart is called:,Systemic circulation,Pulmonary circulation,Coronary circulation,Portal circulation,b,B
Which of the following is a primary function of the integumentary system?,Support,Protection,Movement,Communication,b,B
The process of breaking down fats into fatty acids and glycerol is called:,Glycolysis,Proteolysis,Lipolysis,Amylolysis,c,C
Which of the following is the largest artery in the human body?,Pulmonary artery,Aorta,Carotid artery,Femoral artery,b,B
The process of maintaining a constant internal environment in the body is called:,Metabolism,Homeostasis,Catabolism,Anabolism,b,B
Which of the following is a primary function of the nervous system?,Support,Protection,Communication and control,Digestion,c,C
The functional unit of the liver is the:,Nephron,Alveolus,Hepatocyte,Neuron,c,C
Which of the following is a type of connective tissue that provides support and flexibility?,Bone,Blood,Cartilage,Adipose tissue,c,C
The process of breaking down food into smaller particles through chewing is called:,Peristalsis,Mastication,Deglutition,Segmentation,b,B
Which of the following is a primary male sex hormone?,Estrogen,Progesterone,Testosterone,Luteinizing hormone,c,C
The process of oxygen and carbon dioxide exchange between the blood and the body cells is called:,External respiration,Internal respiration,Ventilation,Pulmonary circulation,b,B
Which of the following is a major component of the appendicular skeleton?,Skull,Vertebral column,Pectoral girdle,Rib cage,c,C
The process of muscle relaxation requires the removal of which ion from the sarcoplasm?,Sodium,Potassium,Calcium,Chloride,c,C
