Question,Option A,Option B,Option C,Option D,Correct Answer
Transform the following sentence into direct speech: 'He said that he was happy.',"He said, 'I am happy.'","He said, 'He is happy.'","He said, 'I was happy.'","He said, 'He was happy.'",a
Transform the following sentence into an interrogative sentence: 'He is a good boy.',Is he a good boy?,He is a good boy?,A good boy is he?,Is a good boy he?,a
Transform the following sentence into an exclamatory sentence: 'It is a very beautiful flower.',What a beautiful flower it is!,How beautiful flower it is!,A beautiful flower it is!,It is a beautiful flower!,a
Transform the following sentence into a negative sentence: 'He is always punctual.',He is never late.,He is not always punctual.,He is not punctual.,He is sometimes late.,a
Transform the following sentence into a simple sentence: 'He is rich and he is kind.',He is rich and kind.,"Being rich, he is kind.",He is rich as well as kind.,"He is rich, so he is kind.",a
Transform the following sentence into a complex sentence: 'He worked hard to pass the exam.',He worked hard so that he might pass the exam.,He worked hard and passed the exam.,He worked hard but failed the exam.,He worked hard for passing the exam.,a
"Transform the following sentence into a compound sentence: 'Though he is poor, he is honest.'",He is poor but he is honest.,He is poor and honest.,"He is poor, so he is honest.","He is poor, yet he is honest.",d
Transform the following sentence into active voice: 'The ball was hit by the boy.',The boy hit the ball.,The boy was hitting the ball.,The boy had hit the ball.,The boy hits the ball.,a
"Transform the following sentence into indirect speech: 'She said, 'I will go tomorrow.''",She said that she would go the next day.,She said that she will go tomorrow.,She said that she would go tomorrow.,She said that she will go the next day.,a
Transform the following sentence into an assertive sentence: 'How beautiful the scenery is!',The scenery is very beautiful.,The scenery is beautiful.,How beautiful is the scenery.,What a beautiful scenery.,a
Transform the following sentence into a negative sentence: 'He is taller than I.',I am not as tall as he.,I am not taller than he.,He is not shorter than I.,I am shorter than he.,a
Transform the following sentence into a simple sentence: 'He is so weak that he cannot walk.',He is too weak to walk.,He is very weak and cannot walk.,"He is weak, so he cannot walk.",He is weak and cannot walk.,a
Transform the following sentence into a complex sentence: 'He confessed his guilt.',He confessed that he was guilty.,He confessed and he was guilty.,He confessed his guiltiness.,He confessed to his guilt.,a
"Transform the following sentence into a compound sentence: 'On seeing the lion, he ran away.'",He saw the lion and ran away.,"He saw the lion, so he ran away.","He saw the lion, then he ran away.","He saw the lion, and he ran away.",d
Transform the following sentence into passive voice: 'They are building a house.',A house is being built by them.,A house is built by them.,A house was being built by them.,A house has been built by them.,a
Transform the following sentence into direct speech: 'She asked me if I was coming.',"She said to me, 'Are you coming?'","She said to me, 'Am I coming?'","She said to me, 'Was I coming?'","She said to me, 'You are coming?'",a
Transform the following sentence into an interrogative sentence: 'Nobody was present.',Was anybody present?,Was nobody present?,Anybody was present?,Nobody was present?,a
Transform the following sentence into an exclamatory sentence: 'It is a very sad story.',What a sad story it is!,How sad story it is!,A sad story it is!,It is a sad story!,a
Transform the following sentence into a negative sentence: 'He is rich.',He is not poor.,He is not rich.,He is not wealthy.,He is not a rich man.,a
Transform the following sentence into a simple sentence: 'He is intelligent and he is hardworking.',He is intelligent and hardworking.,"Being intelligent, he is hardworking.",He is intelligent as well as hardworking.,"He is intelligent, so he is hardworking.",a
Transform the following sentence into a complex sentence: 'He bought a book to read.',He bought a book that he might read.,He bought a book and read it.,He bought a book but did not read it.,He bought a book for reading.,a
"Transform the following sentence into a compound sentence: 'As he was ill, he could not come.'",He was ill and he could not come.,"He was ill, so he could not come.","He was ill, but he could not come.","He was ill, yet he could not come.",b
Transform the following sentence into active voice: 'The letter was written by him.',He wrote the letter.,He was writing the letter.,He had written the letter.,He writes the letter.,a
"Transform the following sentence into indirect speech: 'He said, 'I have finished my work.''",He said that he had finished his work.,He said that he has finished his work.,He said that he finished his work.,He said that he would finish his work.,a
Transform the following sentence into an assertive sentence: 'Alas! He is ruined.',It is sad that he is ruined.,He is ruined.,"Alas, he is ruined.",How sad he is ruined.,a
Transform the following sentence into a negative sentence: 'He is honest.',He is not dishonest.,He is not honest.,He is not a dishonest man.,He is not an honest man.,a
Transform the following sentence into a simple sentence: 'He is so old that he cannot work.',He is too old to work.,He is very old and cannot work.,"He is old, so he cannot work.",He is old and cannot work.,a
Transform the following sentence into a complex sentence: 'He is known for his honesty.',He is known because he is honest.,He is known and he is honest.,He is known for his honesty.,"He is known, so he is honest.",a
"Transform the following sentence into a compound sentence: 'In spite of being rich, he is unhappy.'",He is rich but he is unhappy.,He is rich and unhappy.,"He is rich, so he is unhappy.","He is rich, yet he is unhappy.",d
Transform the following sentence into passive voice: 'She writes a letter.',A letter is written by her.,A letter was written by her.,A letter has been written by her.,A letter will be written by her.,a
Transform the following sentence into direct speech: 'He told me that he was ill.',"He said to me, 'I am ill.'","He said to me, 'He is ill.'","He said to me, 'I was ill.'","He said to me, 'He was ill.'",a
Transform the following sentence into an interrogative sentence: 'He went to school.',Did he go to school?,He went to school?,To school he went?,Went he to school?,a
Transform the following sentence into an exclamatory sentence: 'It is a very pleasant day.',What a pleasant day it is!,How pleasant day it is!,A pleasant day it is!,It is a pleasant day!,a
Transform the following sentence into a negative sentence: 'He is clever.',He is not foolish.,He is not clever.,He is not a foolish man.,He is not a clever man.,a
Transform the following sentence into a simple sentence: 'He is poor but he is happy.',He is poor and happy.,"In spite of being poor, he is happy.",He is poor as well as happy.,"He is poor, so he is happy.",b
Transform the following sentence into a complex sentence: 'He is too proud to beg.',He is so proud that he cannot beg.,He is very proud and cannot beg.,"He is proud, so he cannot beg.",He is proud and cannot beg.,a
Transform the following sentence into a compound sentence: 'He is intelligent as well as hardworking.',He is intelligent and hardworking.,"He is intelligent, and he is hardworking.","He is intelligent, so he is hardworking.","He is intelligent, yet he is hardworking.",b
Transform the following sentence into active voice: 'The book was read by me.',I read the book.,I was reading the book.,I had read the book.,I read the book.,a
"Transform the following sentence into indirect speech: 'She said, 'I am reading a book.''",She said that she was reading a book.,She said that she is reading a book.,She said that she had been reading a book.,She said that she would be reading a book.,a
Transform the following sentence into an assertive sentence: 'What a pity!',It is a great pity.,It is pity.,What a great pity.,How pity.,a
Transform the following sentence into a negative sentence: 'He loves me.',He does not hate me.,He does not love me.,He does not dislike me.,He does not care for me.,a
"Transform the following sentence into a simple sentence: 'He is rich, yet he is unhappy.'","In spite of being rich, he is unhappy.",He is rich and unhappy.,He is rich as well as unhappy.,"He is rich, so he is unhappy.",a
Transform the following sentence into a complex sentence: 'He is too honest to steal.',He is so honest that he cannot steal.,He is very honest and cannot steal.,"He is honest, so he cannot steal.",He is honest and cannot steal.,a
"Transform the following sentence into a compound sentence: 'He is poor, but he is honest.'",He is poor and honest.,"He is poor, yet he is honest.","He is poor, so he is honest.","He is poor, and he is honest.",b
Transform the following sentence into passive voice: 'He teaches us English.',English is taught to us by him.,We are taught English by him.,English is taught by him to us.,We are taught by him English.,b
Transform the following sentence into direct speech: 'He asked me where I lived.',"He said to me, 'Where do you live?'","He said to me, 'Where I live?'","He said to me, 'Where did you live?'","He said to me, 'Where are you living?'",a
Transform the following sentence into an interrogative sentence: 'He is a doctor.',Is he a doctor?,He is a doctor?,A doctor is he?,Is a doctor he?,a
Transform the following sentence into an exclamatory sentence: 'It is a very pleasant surprise.',What a pleasant surprise it is!,How pleasant surprise it is!,A pleasant surprise it is!,It is a pleasant surprise!,a
Transform the following sentence into a negative sentence: 'He is happy.',He is not unhappy.,He is not happy.,He is not a happy man.,He is not a sad man.,a
Transform the following sentence into a simple sentence: 'He is intelligent and he is kind.',He is intelligent and kind.,"Being intelligent, he is kind.",He is intelligent as well as kind.,"He is intelligent, so he is kind.",a
Transform the following sentence into a complex sentence: 'He worked hard to succeed.',He worked hard so that he might succeed.,He worked hard and succeeded.,He worked hard but failed.,He worked hard for succeeding.,a
"Transform the following sentence into a compound sentence: 'Though he is ill, he will come.'",He is ill but he will come.,"He is ill, yet he will come.","He is ill, so he will come.","He is ill, and he will come.",b
Transform the following sentence into active voice: 'The song was sung by her.',She sang the song.,She was singing the song.,She had sung the song.,She sings the song.,a
"Transform the following sentence into indirect speech: 'He said, 'I can do this.''",He said that he could do that.,He said that he can do this.,He said that he could do this.,He said that he can do that.,a
Transform the following sentence into an assertive sentence: 'How foolish he is!',He is very foolish.,He is foolish.,How foolish is he.,What a foolish he is.,a
Transform the following sentence into a negative sentence: 'He is always right.',He is never wrong.,He is not always right.,He is not right.,He is sometimes wrong.,a
Transform the following sentence into a simple sentence: 'He is so strong that he can lift this box.',He is strong enough to lift this box.,He is very strong and can lift this box.,"He is strong, so he can lift this box.",He is strong and can lift this box.,a
Transform the following sentence into a complex sentence: 'He is known for his bravery.',He is known because he is brave.,He is known and he is brave.,He is known for his bravery.,"He is known, so he is brave.",a
"Transform the following sentence into a compound sentence: 'In spite of being poor, he is honest.'",He is poor but he is honest.,"He is poor, yet he is honest.","He is poor, so he is honest.","He is poor, and he is honest.",b
Transform the following sentence into passive voice: 'They will build a bridge.',A bridge will be built by them.,A bridge is built by them.,A bridge was built by them.,A bridge has been built by them.,a
Transform the following sentence into direct speech: 'She asked me what I was doing.',"She said to me, 'What are you doing?'","She said to me, 'What I am doing?'","She said to me, 'What was I doing?'","She said to me, 'What you are doing?'",a
Transform the following sentence into an interrogative sentence: 'He did his homework.',Did he do his homework?,He did his homework?,His homework he did?,Did his homework he?,a
Transform the following sentence into an exclamatory sentence: 'It is a very hot day.',What a hot day it is!,How hot day it is!,A hot day it is!,It is a hot day!,a
Transform the following sentence into a negative sentence: 'He is a good student.',He is not a bad student.,He is not a good student.,He is not a bad boy.,He is not a good boy.,a
Transform the following sentence into a simple sentence: 'He is rich and he is generous.',He is rich and generous.,"Being rich, he is generous.",He is rich as well as generous.,"He is rich, so he is generous.",a
Transform the following sentence into a complex sentence: 'He bought a car to drive.',He bought a car that he might drive.,He bought a car and drove it.,He bought a car but did not drive it.,He bought a car for driving.,a
"Transform the following sentence into a compound sentence: 'As he was tired, he went to bed.'",He was tired and he went to bed.,"He was tired, so he went to bed.","He was tired, but he went to bed.","He was tired, yet he went to bed.",b
Transform the following sentence into active voice: 'The tree was cut by the woodcutter.',The woodcutter cut the tree.,The woodcutter was cutting the tree.,The woodcutter had cut the tree.,The woodcutter cuts the tree.,a
"Transform the following sentence into indirect speech: 'She said, 'I went to school yesterday.''",She said that she had gone to school the previous day.,She said that she went to school yesterday.,She said that she had gone to school yesterday.,She said that she went to school the previous day.,a
Transform the following sentence into an assertive sentence: 'How kind of you!',It is very kind of you.,It is kind of you.,How kind is you.,What a kind of you.,a
Transform the following sentence into a negative sentence: 'He is happy.',He is not unhappy.,He is not happy.,He is not a happy man.,He is not a sad man.,a
Transform the following sentence into a simple sentence: 'He is so intelligent that he can solve this problem.',He is intelligent enough to solve this problem.,He is very intelligent and can solve this problem.,"He is intelligent, so he can solve this problem.",He is intelligent and can solve this problem.,a
Transform the following sentence into a complex sentence: 'He confessed his crime.',He confessed that he had committed the crime.,He confessed and he committed the crime.,He confessed his criminality.,He confessed to his crime.,a
"Transform the following sentence into a compound sentence: 'Though he is poor, he is honest.'",He is poor but he is honest.,"He is poor, yet he is honest.","He is poor, so he is honest.","He is poor, and he is honest.",b
Transform the following sentence into passive voice: 'He reads a book.',A book is read by him.,A book was read by him.,A book has been read by him.,A book will be read by him.,a
Transform the following sentence into direct speech: 'He told me that he would help me.',"He said to me, 'I will help you.'","He said to me, 'He will help me.'","He said to me, 'I would help you.'","He said to me, 'He would help me.'",a
Transform the following sentence into an interrogative sentence: 'He is going to market.',Is he going to market?,He is going to market?,To market he is going?,Going to market he is?,a
Transform the following sentence into an exclamatory sentence: 'It is a very beautiful painting.',What a beautiful painting it is!,How beautiful painting it is!,A beautiful painting it is!,It is a beautiful painting!,a
Transform the following sentence into a negative sentence: 'He is always punctual.',He is never late.,He is not always punctual.,He is not punctual.,He is sometimes late.,a
Transform the following sentence into a simple sentence: 'He is rich and he is kind.',He is rich and kind.,"Being rich, he is kind.",He is rich as well as kind.,"He is rich, so he is kind.",a
Transform the following sentence into a complex sentence: 'He worked hard to pass the exam.',He worked hard so that he might pass the exam.,He worked hard and passed the exam.,He worked hard but failed the exam.,He worked hard for passing the exam.,a
"Transform the following sentence into a compound sentence: 'Though he is poor, he is honest.'",He is poor but he is honest.,"He is poor, yet he is honest.","He is poor, so he is honest.","He is poor, and he is honest.",b
Transform the following sentence into active voice: 'The ball was hit by the boy.',The boy hit the ball.,The boy was hitting the ball.,The boy had hit the ball.,The boy hits the ball.,a
"Transform the following sentence into indirect speech: 'She said, 'I will go tomorrow.''",She said that she would go the next day.,She said that she will go tomorrow.,She said that she would go tomorrow.,She said that she will go the next day.,a
Transform the following sentence into an assertive sentence: 'How beautiful the scenery is!',The scenery is very beautiful.,The scenery is beautiful.,How beautiful is the scenery.,What a beautiful scenery.,a
Transform the following sentence into a negative sentence: 'He is taller than I.',I am not as tall as he.,I am not taller than he.,He is not shorter than I.,I am shorter than he.,a
Transform the following sentence into a simple sentence: 'He is so weak that he cannot walk.',He is too weak to walk.,He is very weak and cannot walk.,"He is weak, so he cannot walk.",He is weak and cannot walk.,a
Transform the following sentence into a complex sentence: 'He confessed his guilt.',He confessed that he was guilty.,He confessed and he was guilty.,He confessed his guiltiness.,He confessed to his guilt.,a
"Transform the following sentence into a compound sentence: 'On seeing the lion, he ran away.'",He saw the lion and ran away.,"He saw the lion, so he ran away.","He saw the lion, then he ran away.","He saw the lion, and he ran away.",d
Transform the following sentence into passive voice: 'They are building a house.',A house is being built by them.,A house is built by them.,A house was being built by them.,A house has been built by them.,a
Transform the following sentence into direct speech: 'She asked me if I was coming.',"She said to me, 'Are you coming?'","She said to me, 'Am I coming?'","She said to me, 'Was I coming?'","She said to me, 'You are coming?'",a
Transform the following sentence into an interrogative sentence: 'Nobody was present.',Was anybody present?,Was nobody present?,Anybody was present?,Nobody was present?,a
Transform the following sentence into an exclamatory sentence: 'It is a very sad story.',What a sad story it is!,How sad story it is!,A sad story it is!,It is a sad story!,a
Transform the following sentence into a negative sentence: 'He is rich.',He is not poor.,He is not rich.,He is not wealthy.,He is not a rich man.,a
Transform the following sentence into a simple sentence: 'He is intelligent and he is hardworking.',He is intelligent and hardworking.,"Being intelligent, he is hardworking.",He is intelligent as well as hardworking.,"He is intelligent, so he is hardworking.",a
Transform the following sentence into a complex sentence: 'He bought a book to read.',He bought a book that he might read.,He bought a book and read it.,He bought a book but did not read it.,He bought a book for reading.,a
"Transform the following sentence into a compound sentence: 'As he was ill, he could not come.'",He was ill and he could not come.,"He was ill, so he could not come.","He was ill, but he could not come.","He was ill, yet he could not come.",b
Transform the following sentence into active voice: 'The letter was written by him.',He wrote the letter.,He was writing the letter.,He had written the letter.,He writes the letter.,a
"Transform the following sentence into indirect speech: 'He said, 'I have finished my work.''",He said that he had finished his work.,He said that he has finished his work.,He said that he finished his work.,He said that he would finish his work.,a
Transform the following sentence into an assertive sentence: 'Alas! He is ruined.',It is sad that he is ruined.,He is ruined.,"Alas, he is ruined.",How sad he is ruined.,a
Transform the following sentence into a negative sentence: 'He is honest.',He is not dishonest.,He is not honest.,He is not a dishonest man.,He is not an honest man.,a
Transform the following sentence into a simple sentence: 'He is so old that he cannot work.',He is too old to work.,He is very old and cannot work.,"He is old, so he cannot work.",He is old and cannot work.,a
Transform the following sentence into a complex sentence: 'He is known for his honesty.',He is known because he is honest.,He is known and he is honest.,He is known for his honesty.,"He is known, so he is honest.",a
"Transform the following sentence into a compound sentence: 'In spite of being rich, he is unhappy.'",He is rich but he is unhappy.,He is rich and unhappy.,"He is rich, so he is unhappy.","He is rich, yet he is unhappy.",d
Transform the following sentence into passive voice: 'She writes a letter.',A letter is written by her.,A letter was written by her.,A letter has been written by her.,A letter will be written by her.,a
Transform the following sentence into direct speech: 'He told me that he was ill.',"He said to me, 'I am ill.'","He said to me, 'He is ill.'","He said to me, 'I was ill.'","He said to me, 'He was ill.'",a
Transform the following sentence into an interrogative sentence: 'He went to school.',Did he go to school?,He went to school?,To school he went?,Went he to school?,a
Transform the following sentence into an exclamatory sentence: 'It is a very pleasant day.',What a pleasant day it is!,How pleasant day it is!,A pleasant day it is!,It is a pleasant day!,a
Transform the following sentence into a negative sentence: 'He is clever.',He is not foolish.,He is not clever.,He is not a foolish man.,He is not a clever man.,a
Transform the following sentence into a simple sentence: 'He is poor but he is happy.',He is poor and happy.,"In spite of being poor, he is happy.",He is poor as well as happy.,"He is poor, so he is happy.",b
Transform the following sentence into a complex sentence: 'He is too proud to beg.',He is so proud that he cannot beg.,He is very proud and cannot beg.,"He is proud, so he cannot beg.",He is proud and cannot beg.,a
Transform the following sentence into a compound sentence: 'He is intelligent as well as hardworking.',He is intelligent and hardworking.,"He is intelligent, and he is hardworking.","He is intelligent, so he is hardworking.","He is intelligent, yet he is hardworking.",b
Transform the following sentence into active voice: 'The book was read by me.',I read the book.,I was reading the book.,I had read the book.,I read the book.,a
"Transform the following sentence into indirect speech: 'She said, 'I am reading a book.''",She said that she was reading a book.,She said that she is reading a book.,She said that she had been reading a book.,She said that she would be reading a book.,a
Transform the following sentence into an assertive sentence: 'What a pity!',It is a great pity.,It is pity.,What a great pity.,How pity.,a
Transform the following sentence into a negative sentence: 'He loves me.',He does not hate me.,He does not love me.,He does not dislike me.,He does not care for me.,a
"Transform the following sentence into a simple sentence: 'He is rich, yet he is unhappy.'","In spite of being rich, he is unhappy.",He is rich and unhappy.,He is rich as well as unhappy.,"He is rich, so he is unhappy.",a
Transform the following sentence into a complex sentence: 'He is too honest to steal.',He is so honest that he cannot steal.,He is very honest and cannot steal.,"He is honest, so he cannot steal.",He is honest and cannot steal.,a
"Transform the following sentence into a compound sentence: 'He is poor, but he is honest.'",He is poor and honest.,"He is poor, yet he is honest.","He is poor, so he is honest.","He is poor, and he is honest.",b
Transform the following sentence into passive voice: 'He teaches us English.',English is taught to us by him.,We are taught English by him.,English is taught by him to us.,We are taught by him English.,b
Transform the following sentence into direct speech: 'He asked me where I lived.',"He said to me, 'Where do you live?'","He said to me, 'Where I live?'","He said to me, 'Where did you live?'","He said to me, 'Where are you living?'",a
Transform the following sentence into an interrogative sentence: 'He is a doctor.',Is he a doctor?,He is a doctor?,A doctor is he?,Is a doctor he?,a
Transform the following sentence into an exclamatory sentence: 'It is a very pleasant surprise.',What a pleasant surprise it is!,How pleasant surprise it is!,A pleasant surprise it is!,It is a pleasant surprise!,a
Transform the following sentence into a negative sentence: 'He is happy.',He is not unhappy.,He is not happy.,He is not a happy man.,He is not a sad man.,a
Transform the following sentence into a simple sentence: 'He is intelligent and he is kind.',He is intelligent and kind.,"Being intelligent, he is kind.",He is intelligent as well as kind.,"He is intelligent, so he is kind.",a
Transform the following sentence into a complex sentence: 'He worked hard to succeed.',He worked hard so that he might succeed.,He worked hard and succeeded.,He worked hard but failed.,He worked hard for succeeding.,a
"Transform the following sentence into a compound sentence: 'Though he is ill, he will come.'",He is ill but he will come.,"He is ill, yet he will come.","He is ill, so he will come.","He is ill, and he will come.",b
Transform the following sentence into active voice: 'The song was sung by her.',She sang the song.,She was singing the song.,She had sung the song.,She sings the song.,a
"Transform the following sentence into indirect speech: 'He said, 'I can do this.''",He said that he could do that.,He said that he can do this.,He said that he could do this.,He said that he can do that.,a
Transform the following sentence into an assertive sentence: 'How foolish he is!',He is very foolish.,He is foolish.,How foolish is he.,What a foolish he is.,a
Transform the following sentence into a negative sentence: 'He is always right.',He is never wrong.,He is not always right.,He is not right.,He is sometimes wrong.,a
Transform the following sentence into a simple sentence: 'He is so strong that he can lift this box.',He is strong enough to lift this box.,He is very strong and can lift this box.,"He is strong, so he can lift this box.",He is strong and can lift this box.,a
Transform the following sentence into a complex sentence: 'He is known for his bravery.',He is known because he is brave.,He is known and he is brave.,He is known for his bravery.,"He is known, so he is brave.",a
"Transform the following sentence into a compound sentence: 'In spite of being poor, he is honest.'",He is poor but he is honest.,"He is poor, yet he is honest.","He is poor, so he is honest.","He is poor, and he is honest.",b
Transform the following sentence into passive voice: 'They will build a bridge.',A bridge will be built by them.,A bridge is built by them.,A bridge was built by them.,A bridge has been built by them.,a
Transform the following sentence into direct speech: 'She asked me what I was doing.',"She said to me, 'What are you doing?'","She said to me, 'What I am doing?'","She said to me, 'What was I doing?'","She said to me, 'What you are doing?'",a
Transform the following sentence into an interrogative sentence: 'He did his homework.',Did he do his homework?,He did his homework?,His homework he did?,Did his homework he?,a
Transform the following sentence into an exclamatory sentence: 'It is a very hot day.',What a hot day it is!,How hot day it is!,A hot day it is!,It is a hot day!,a
Transform the following sentence into a negative sentence: 'He is a good student.',He is not a bad student.,He is not a good student.,He is not a bad boy.,He is not a good boy.,a
Transform the following sentence into a simple sentence: 'He is rich and he is generous.',He is rich and generous.,"Being rich, he is generous.",He is rich as well as generous.,"He is rich, so he is generous.",a
Transform the following sentence into a complex sentence: 'He bought a car to drive.',He bought a car that he might drive.,He bought a car and drove it.,He bought a car but did not drive it.,He bought a car for driving.,a
"Transform the following sentence into a compound sentence: 'As he was tired, he went to bed.'",He was tired and he went to bed.,"He was tired, so he went to bed.","He was tired, but he went to bed.","He was tired, yet he went to bed.",b
Transform the following sentence into active voice: 'The tree was cut by the woodcutter.',The woodcutter cut the tree.,The woodcutter was cutting the tree.,The woodcutter had cut the tree.,The woodcutter cuts the tree.,a
"Transform the following sentence into indirect speech: 'She said, 'I went to school yesterday.''",She said that she had gone to school the previous day.,She said that she went to school yesterday.,She said that she had gone to school yesterday.,She said that she went to school the previous day.,a
Transform the following sentence into an assertive sentence: 'How kind of you!',It is very kind of you.,It is kind of you.,How kind is you.,What a kind of you.,a
Transform the following sentence into a negative sentence: 'He is happy.',He is not unhappy.,He is not happy.,He is not a happy man.,He is not a sad man.,a
Transform the following sentence into a simple sentence: 'He is so intelligent that he can solve this problem.',He is intelligent enough to solve this problem.,He is very intelligent and can solve this problem.,"He is intelligent, so he can solve this problem.",He is intelligent and can solve this problem.,a
Transform the following sentence into a complex sentence: 'He confessed his crime.',He confessed that he had committed the crime.,He confessed and he committed the crime.,He confessed his criminality.,He confessed to his crime.,a
"Transform the following sentence into a compound sentence: 'Though he is poor, he is honest.'",He is poor but he is honest.,"He is poor, yet he is honest.","He is poor, so he is honest.","He is poor, and he is honest.",b
Transform the following sentence into passive voice: 'He reads a book.',A book is read by him.,A book was read by him.,A book has been read by him.,A book will be read by him.,N/A
Transform the following sentence into direct speech: 'He told me that he would help me.',"He said to me, 'I will help you.'","He said to me, 'He will help me.'","He said to me, 'I would help you.'","He said to me, 'He would help me.'",N/A
Transform the following sentence into an interrogative sentence: 'He is going to market.',Is he going to market?,He is going to market?,To market he is going?,Going to market he is?,N/A
Transform the following sentence into an exclamatory sentence: 'It is a very beautiful painting.',What a beautiful painting it is!,How beautiful painting it is!,A beautiful painting it is!,It is a beautiful painting!,N/A
Transform the following sentence into a negative sentence: 'He is always punctual.',He is never late.,He is not always punctual.,He is not punctual.,He is sometimes late.,N/A
Transform the following sentence into a simple sentence: 'He is rich and he is kind.',He is rich and kind.,"Being rich, he is kind.",He is rich as well as kind.,"He is rich, so he is kind.",N/A
Transform the following sentence into a complex sentence: 'He worked hard to pass the exam.',He worked hard so that he might pass the exam.,He worked hard and passed the exam.,He worked hard but failed the exam.,He worked hard for passing the exam.,N/A
"Transform the following sentence into a compound sentence: 'Though he is poor, he is honest.'",He is poor but he is honest.,"He is poor, yet he is honest.","He is poor, so he is honest.","He is poor, and he is honest.",N/A
Transform the following sentence into active voice: 'The ball was hit by the boy.',The boy hit the ball.,The boy was hitting the ball.,The boy had hit the ball.,The boy hits the ball.,N/A
"Transform the following sentence into indirect speech: 'She said, 'I will go tomorrow.''",She said that she would go the next day.,She said that she will go tomorrow.,She said that she would go tomorrow.,She said that she will go the next day.,N/A
Transform the following sentence into an assertive sentence: 'How beautiful the scenery is!',The scenery is very beautiful.,The scenery is beautiful.,How beautiful is the scenery.,What a beautiful scenery.,N/A
Transform the following sentence into a negative sentence: 'He is taller than I.',I am not as tall as he.,I am not taller than he.,He is not shorter than I.,I am shorter than he.,N/A
Transform the following sentence into a simple sentence: 'He is so weak that he cannot walk.',He is too weak to walk.,He is very weak and cannot walk.,"He is weak, so he cannot walk.",He is weak and cannot walk.,N/A
Transform the following sentence into a complex sentence: 'He confessed his guilt.',He confessed that he was guilty.,He confessed and he was guilty.,He confessed his guiltiness.,He confessed to his guilt.,N/A
"Transform the following sentence into a compound sentence: 'On seeing the lion, he ran away.'",He saw the lion and ran away.,"He saw the lion, so he ran away.","He saw the lion, then he ran away.","He saw the lion, and he ran away.",N/A
Transform the following sentence into passive voice: 'They are building a house.',A house is being built by them.,A house is built by them.,A house was being built by them.,A house has been built by them.,N/A
Transform the following sentence into direct speech: 'She asked me if I was coming.',"She said to me, 'Are you coming?'","She said to me, 'Am I coming?'","She said to me, 'Was I coming?'","She said to me, 'You are coming?'",N/A
Transform the following sentence into an interrogative sentence: 'Nobody was present.',Was anybody present?,Was nobody present?,Anybody was present?,Nobody was present?,N/A
Transform the following sentence into an exclamatory sentence: 'It is a very sad story.',What a sad story it is!,How sad story it is!,A sad story it is!,It is a sad story!,N/A
Transform the following sentence into a negative sentence: 'He is rich.',He is not poor.,He is not rich.,He is not wealthy.,He is not a rich man.,N/A
Transform the following sentence into a simple sentence: 'He is intelligent and he is hardworking.',He is intelligent and hardworking.,"Being intelligent, he is hardworking.",He is intelligent as well as hardworking.,"He is intelligent, so he is hardworking.",N/A
Transform the following sentence into a complex sentence: 'He bought a book to read.',He bought a book that he might read.,He bought a book and read it.,He bought a book but did not read it.,He bought a book for reading.,N/A
"Transform the following sentence into a compound sentence: 'As he was ill, he could not come.'",He was ill and he could not come.,"He was ill, so he could not come.","He was ill, but he could not come.","He was ill, yet he could not come.",N/A
Transform the following sentence into active voice: 'The letter was written by him.',He wrote the letter.,He was writing the letter.,He had written the letter.,He writes the letter.,N/A
"Transform the following sentence into indirect speech: 'He said, 'I have finished my work.''",He said that he had finished his work.,He said that he has finished his work.,He said that he finished his work.,He said that he would finish his work.,N/A
Transform the following sentence into an assertive sentence: 'Alas! He is ruined.',It is sad that he is ruined.,He is ruined.,"Alas, he is ruined.",How sad he is ruined.,N/A
Transform the following sentence into a negative sentence: 'He is honest.',He is not dishonest.,He is not honest.,He is not a dishonest man.,He is not an honest man.,N/A
Transform the following sentence into a simple sentence: 'He is so old that he cannot work.',He is too old to work.,He is very old and cannot work.,"He is old, so he cannot work.",He is old and cannot walk.,N/A
Transform the following sentence into a complex sentence: 'He is known for his honesty.',He is known because he is honest.,He is known and he is honest.,He is known for his honesty.,"He is known, so he is honest.",N/A
"Transform the following sentence into a compound sentence: 'In spite of being rich, he is unhappy.'",He is rich but he is unhappy.,He is rich and unhappy.,"He is rich, so he is unhappy.","He is rich, yet he is unhappy.",N/A
Transform the following sentence into passive voice: 'She writes a letter.',A letter is written by her.,A letter was written by her.,A letter has been written by her.,A letter will be written by her.,N/A
Transform the following sentence into direct speech: 'He told me that he was ill.',"He said to me, 'I am ill.'","He said to me, 'He is ill.'","He said to me, 'I was ill.'","He said to me, 'He was ill.'",N/A
Transform the following sentence into an interrogative sentence: 'He went to school.',Did he go to school?,He went to school?,To school he went?,Went he to school?,N/A
Transform the following sentence into an exclamatory sentence: 'It is a very pleasant day.',What a pleasant day it is!,How pleasant day it is!,A pleasant day it is!,It is a pleasant day!,N/A
Transform the following sentence into a negative sentence: 'He is clever.',He is not foolish.,He is not clever.,He is not a foolish man.,He is not a clever man.,N/A
Transform the following sentence into a simple sentence: 'He is poor but he is happy.',He is poor and happy.,"In spite of being poor, he is happy.",He is poor as well as happy.,"He is poor, so he is happy.",N/A
Transform the following sentence into a complex sentence: 'He is too proud to beg.',He is so proud that he cannot beg.,He is very proud and cannot beg.,"He is proud, so he cannot beg.",He is proud and cannot beg.,N/A
Transform the following sentence into a compound sentence: 'He is intelligent as well as hardworking.',He is intelligent and hardworking.,"He is intelligent, and he is hardworking.","He is intelligent, so he is hardworking.","He is intelligent, yet he is hardworking.",N/A
Transform the following sentence into active voice: 'The book was read by me.',I read the book.,I was reading the book.,I had read the book.,I read the book.,N/A
"Transform the following sentence into indirect speech: 'She said, 'I am reading a book.''",She said that she was reading a book.,She said that she is reading a book.,She said that she had been reading a book.,She said that she would be reading a book.,N/A
Transform the following sentence into an assertive sentence: 'What a pity!',It is a great pity.,It is pity.,What a great pity.,How pity.,N/A
Transform the following sentence into a negative sentence: 'He loves me.',He does not hate me.,He does not love me.,He does not dislike me.,He does not care for me.,N/A
"Transform the following sentence into a simple sentence: 'He is rich, yet he is unhappy.'","In spite of being rich, he is unhappy.",He is rich and unhappy.,He is rich as well as unhappy.,"He is rich, so he is unhappy.",N/A
Transform the following sentence into a complex sentence: 'He is too honest to steal.',He is so honest that he cannot steal.,He is very honest and cannot steal.,"He is honest, so he cannot steal.",He is honest and cannot steal.,N/A
"Transform the following sentence into a compound sentence: 'He is poor, but he is honest.'",He is poor and honest.,"He is poor, yet he is honest.","He is poor, so he is honest.","He is poor, and he is honest.",N/A
Transform the following sentence into passive voice: 'He teaches us English.',English is taught to us by him.,We are taught English by him.,English is taught by him to us.,We are taught by him English.,N/A
Transform the following sentence into direct speech: 'He asked me where I lived.',"He said to me, 'Where do you live?'","He said to me, 'Where I live?'","He said to me, 'Where did you live?'","He said to me, 'Where are you living?'",N/A
Transform the following sentence into an interrogative sentence: 'He is a doctor.',Is he a doctor?,He is a doctor?,A doctor is he?,Is a doctor he?,N/A
Transform the following sentence into an exclamatory sentence: 'It is a very pleasant surprise.',What a pleasant surprise it is!,How pleasant surprise it is!,A pleasant surprise it is!,It is a pleasant surprise!,N/A
Transform the following sentence into a negative sentence: 'He is happy.',He is not unhappy.,He is not happy.,He is not a happy man.,He is not a sad man.,N/A
